연번,공원명,공원개요,조경/기반시설,운동시설,편의/교양시설,기타시설,이미지,공원주소,전화번호,X좌표(WGS84),Y좌표(WGS84),바로가기
1,남산공원,남산공원은 도심에 위치하여 서울시민에게 맑은 공기를 제공하는 자연휴식처이며 산책 꽃구경 공연관람 서울타워 남산케이블카 이용 등 다양한 활동이 가능한 대표적 휴식 여가 생활의 중심지입니다.,"광장, 도로, 산책로, 연못, 파고라, 분수대, 그늘시렁 ","테니스장, 야구장, 궁도장, 배드민턴장 ","도서관, 야외식물원, 안중근의사 기념관, 주차장, 매점, 음수대, 팔각정, 화장실, 벤치, 타워전망대 ",순환도로 ,http://parks.seoul.go.kr/file/info/view.do?fIdx=1884,서울특별시 중구 삼일대로 231(예장동),02-3783-5900,126.9903773,37.5501402,http://parks.seoul.go.kr/template/sub/namsan.do
2,길동생태공원,길동생태공원은 생물의 서식처를 제공하고 종다양성을 증진시키며 자연생태계의 생물들을 관찰 체험할 수 있도록 하여 시민들에게 건강한 생태공간을 제공하고 환경의 중요성을 일깨워주기 위한 공간입니다.,목재데크 ,-,"생태문화센터, 탐방객안내센터, 반딧불이 체험관, 조류관찰대 ",-,http://parks.seoul.go.kr/file/info/view.do?fIdx=1885,서울특별시 강동구 천호대로 1291(길동생태공원) ,02-472-2770/ 02-489-2770,127.1547791,37.5403935,http://parks.seoul.go.kr/template/sub/gildong.do
3,서울대공원,"서울대공원은 세계 각국의 야생동물들이 살아 숨 쉬는 서울동물원과 다양한 기후대의 식물들이 모여 사는 서울대공원 식물원, 자연과 사람의 특별한 이야기가 있는 테마가든, 자연 속에서의 휴식과 치유함이 있는 치유의 숲, 산림욕장, 캠핑장, 누구나 쉽게 즐기는 가족친화형 생활야구장 서울대공원 야구장, 다양한 재미와 즐거움을 주는 서울랜드, 원더파크, 플레이월드 근?현대 미술계의 흐름을 한눈에 볼 수 있는 국립현대미술관으로 구성되어 있으며, 많은 시민들의 추억과 사랑을 한 몸에 받고 있는 대한민국 대표 종합 테마파크입니다","치유숲, 산림욕장 ",-,"동물원, 식물원, 테마가든(장미원, 어린이동물원, 피크닉장), 캠핑장, 국립현대미술관, 서울랜드, 플레이월드, 원더파크 ","코끼리열차, 스카이리프트 ",http://parks.seoul.go.kr/file/info/view.do?fIdx=1886,경기도 과천시 대공원광장로 102,02-500-7033,127.0198465,37.4264494,http://grandpark.seoul.go.kr/
4,서울숲,"서울숲은 한강과 중랑천이 만나고 한강-용산-남찬-청계천-서울숲-한강으로 연결되는 서울 도심을 가로지르는 녹지 축의 하나로서 중요한 역할을 하고 있으며, 자연과 함께 숨 쉬는 생명의 숲, 시민들이 함께 만든 참여의 숲, 숲과 문화가 어우러지는 서울의 대표적인 녹색쉼터입니다.","거울연못, 보행가교, 바람의언덕 ",-,"바닥분수, 군마상, 야외무대, 가족마당무대, 꽃사슴방사장, 곤충식물원 ",-,http://parks.seoul.go.kr/file/info/view.do?fIdx=1887,서울특별시 성동구 뚝섬로 273 (성수동1가) ,02-460-2905 ,127.0417982,37.5430717,http://parks.seoul.go.kr/template/sub/seoulforest.do
5,월드컵공원,월드컵공원은 서울의 서쪽에 위치하여 1978년부터 1993년까지 15년간 서울시민이 버린 쓰레기로 만들어진 2개의 거대한 산과 넓은 면적의 평매립지를 2002 월드컵 개최와 새 천년을 기념하기 위하여 난지도 쓰레기매립장을 안정화 공원화하면서 270만㎡의 면적의 대규모 환경?생태공원으로 대표 공원인 평화의공원을 비롯하여 하늘공원 노을공원 난지천공원난지한강공원의 5개 테마공원으로 조성되었습니다.  ,"평화의 공원, 유니세프광장, 평화광장, 난지연못, 별자리광장, 잔디광장, 평화의정원, 하늘공원, 초지, 바람의광장, 희망의숲 ","테니스장, 인조잔디축구장, 게이트볼장, 농구장, 배드민턴장, 다목적구장, 파크골프장 ","월드컵공원전시관, 휴게소, 화장실, 음수전, 야외전시장, 모험놀이터, 피크닉장, 주차장, 에너지제로하우스, 탐방객안내소, 전망대, 하늘계단, 하늘을 담는 그릇, 어린이놀이터, 매점, 관찰쉼터데크, 전망데크, 누에생태체험장, 노을캠핑장, 노을계단, 조각 작품, 반딧불이 관찰원, 커뮤니티센터, 난지창작스튜디오 ","풍력발전기, 달리기코스(난지순환길), 수림대 사면녹화, 지역난방공사 자원회수시설, 수소충전시설, 수소발전시설 ",http://parks.seoul.go.kr/file/info/view.do?fIdx=1888,서울특별시 마포구 하늘공원로 84(월드컵공원),02-300-5501,126.878907,37.571805,http://parks.seoul.go.kr/template/sub/worldcuppark.do
6,광화문시민열린마당,광화문 옛 육조거리가 있던 자리에 새롭게 탄생한 서울시민을 위한 쉼터 '시민열린마당' '시민열린마당'은 육조거리를 현대적으로 재현한 북동쪽의 육조마당과 남서쪽의 시민 휴식공간 그리고 중심부의 열린공간이 한 축으로 이어져 과거와 현재 미래가 어우러지는 화합의 공간을 조성하였습니다.  ,"육조상징벽, 전통담장, 열주, 화계, 열린마당, 육조마당, 휴게마당, 녹지대 ",-,"화강석의자, 주차장 ","광장등, 정원등, 투사등, 열주내장등 ",http://parks.seoul.go.kr/file/info/view.do?fIdx=1890,서울특별시 종로구 세종로 76-2,02-2148-2843,126.9780227,37.5750449,
7,진관근린공원(구파발폭포),1993. 09. 06 서울시장 방침(제1400호) 통일로변 인공폭포조성계획  1995. 05. 10 서울특별시고시 제1995-133호로 공원조성계획 결정 및 지적승인 구파발폭포 재조성 사업 추진 진행 중 [준공완료(예정): 2015. 12],폭포 ,-,야외무대 ,-,http://parks.seoul.go.kr/file/info/view.do?fIdx=1891,서울특별시 은평구 진관동 393,02-351-8004,126.9192155,37.6370244,
8,중마루근린공원,서울시가 ‘공원녹지 확충 5개년 계획’ 에 의해 구 영등포시립병원(6동)을 이전한 후 조성한 공원으로 1997년 11월25일에 개원했다. 서울의 부도심인 영등포 지역의 상?공업 종사자 직장인 및 주민들이 휴식 및 여가를 즐길 수 있는 장소로 숲과 물을 도입하여 도심속의 오아시스와 같이 조성하였다.,"광장, 산책 등산로, 파고라, 연못, 그늘시렁 ",-,"의자, 휴지통, 음수대, 정자 ",공원등 ,http://parks.seoul.go.kr/file/info/view.do?fIdx=1893,서울특별시 영등포구 영등포동2가 222,02-2670-3760,126.9112668,37.519832,
9,응봉공원 (대현산배수지공원),"응봉은 옛날에는 하나의 줄기였으나 도시개발로 인해 응봉산, 대현산, 대현배수지, 금호산, 매봉산 5개로 나뉘어져 관리되고 있고, 서울시 동부공원여가센터에서 관리하는 대현산배수지공원은 배수지 상부에 조성된 공원으로 잔디광장, 걷기트랙, 테니스장, 게이트볼장 등 다양한 운동시설과 편의시설 설치되어 있어 많은 시민들이 즐겨찾습니다..",파고라 ,"잔디광장, 테니스장, 게이트볼장, 배드민턴장, 다목적경기장 ","음수대, 화장실 ",관리동 ,http://parks.seoul.go.kr/file/info/view.do?fIdx=1894,서울특별시 성동구 금호동1가 산1-72,02-2293-7646,127.0217653,37.5572281,
10,매화근린공원,공장 이적지 공원화 사업’의 일환으로 옛 성진 유리(주)공장 터에 사업비 6억 원을 들여 조성한 뒤 1998년 6월 18일 문을 열었다. 가양택지개발지구와 가깝고 면적은 총 1980㎡로 녹지 1197㎡ 산책로 783㎡가 조성되어 있다. 주요 시설물로는 유리를 소재로 한 상징 조형물이 있으며 팔각정자와 사각 파고라(그늘막) 음수전 등의자 평의자 등이 있다.,"상징조형물, 사각파고라 ",-,"팔각정자, 음수전 ",-,http://parks.seoul.go.kr/file/info/view.do?fIdx=1895,서울특별시 강서구 등촌동 630-14,02-2600-4181,126.86115,37.5575833,
11,성수근린공원,성수공원은 1996년부터 추진해온 ‘공장이적지 공원화사업’의 일환으로 삼익악기(주) 공장부지에 조성한 공원이다. 1998년 5월 준공되었으며 주요 시설물은 조경시설로 그늘시렁 1개소 돌담 2개소(251m) 산책로 등 있고 운동시설로 청소년을 위한 간이농구장이 마련되어 있다. 편의시설로는 음수대 1개소 벤치 25개소와 다목적 중앙광장이 있으며 관리시설로 공원등이 24개소가 있다.  수목은 소나무 계수나무 감나무 등 20종 2844그루가 자라고 초화류는 맥문동 수호초 등 13종 9980본이 식재되어 있다.,"그늘시렁, 돌담, 돌담 장식대, 광장 ",농구장 ,"음수대, 벤치 ",공원등 ,http://parks.seoul.go.kr/file/info/view.do?fIdx=1896,서울특별시 성동구 성수2가 3동 302-25,02-2286-5655,127.0524023,37.5448144,
12,샛마을근린공원,"강동구 중앙부에 위치한 명일동은 고려 성종 11년(994년) 공용으로 출장하는 관리들의 숙박소로'명일관'을 설치한 데서 유래하였다. 도시의 무분별한 팽창과 개발로 인한 공원용지 잠식으로 도시민들의 생활환경이 더욱 삭막해져가고 있던 중 서울시는 21세기 서울을 환경도시로 탈바꿈하고자 1996년 공원녹지확충 5개년 계획을 수립하여 추진하였다. 이 계획의 일환으로 강동구 심장부에 위치해 있으나 방치되어 있던 공원 용지를 시민을 위한 공원으로 조성하였으며, 자연성이 뛰어난 공원을 조성함으로써 도시민들에게 자연을 접할 기회를 제공하고 주민의 휴식과 정서 함양에 기여하고 있다. 반경 1km 이내에는 명일공원 길동생태공원과 같이 비교적 큰 공원이 위치하고 있다.",놀이터 ,"농구대, 체력단련시설, 다목적운동장 ",-,-,http://parks.seoul.go.kr/file/info/view.do?fIdx=1897,서울특별시 강동구 명일1동 288,02-3425-8820,127.1471618,37.5504807,
13,여의도근린공원,여의도 부근에는 1916년 일본군용 활주로와 격납고가 있었고 해방후에는 민간공항으로 이용하고 있었으나 1966년 대홍수로 1968년부터 3년간 윤중제방을 쌓아 오늘날의 여의도가 만들어졌다. 1971년 9월에 여의도광장을 조성 대규모 집회 행사와 자전거와 롤러를 타던 곳을 1997년 4월 10일부터 아스팔트를 걷어내고 숲과 문화의 마당이 있는 공원으로 조성했다. ,"산책로, 광장, 연못(지당연못, 생태연못, 잔디마당연못) ",자전거 도로 ,"편의점, 화장실, 팔각정, 사모정, 공원지구대, 공원파출소, 한강둔치 연결 지하보도, 자전거보관대 ","관리사무실, 공원등, 스프링클러 ",http://parks.seoul.go.kr/file/info/view.do?fIdx=1898,서울특별시 영등포구 여의공원로 68 (여의도동),02-761-4078~9,126.922377,37.526129,http://parks.seoul.go.kr/template/sub/yeouido.do
14,간데메근린공원,옛날 답십리 일대에 원말(원촌) 넘말(월촌) 간데메(중산)의 마을이 흩어져 있었는데 그 가운데 중산(中山)을 따서 간데메로 지정하였다. 동대문구는 조선시대 한성부 도성 동쪽에 위치한 비옥한 농경지와 교통의 요충지로 국왕의 친경지였던 적전과 풍년을 기원하며 제사를 지내는 선농단 한글을 창제하신 세종대왕을 기리는 세종대왕 기념관의 각종 문화재 등 선조의 숨결이 그대로 배어 있는 역사의 향기가 어린 고장이다. 서울시에서 96년 공원녹지확충 5개년계획의 일환으로 공원녹지가 부족한 동대문구의 주택밀집 지역에 위치한 전매청 창고 부지에 근린공원을 조성하게 되었다. ,"파고라, 놀이시설, 조합놀이대 ",운동기구 ,"화장실, 팔각정, 자전거보관대 ",관리사무소 ,http://parks.seoul.go.kr/file/info/view.do?fIdx=1899,서울특별시 동대문구 서울시립대로2길 59(간데메공원),02-2127-4772,127.0488644,37.5732438,
15,훈련원근린공원,"이곳 훈련원 터는 병사의 무술훈련 및 병서전투대형 등의 강습을 맡았던 훈련원이 있었다. 훈련원은 조선 태조 원년(1392)에 설치되어 처음에는 훈련관으로 불렀는데 태종 때 이곳으로 옮겨 청사 남쪽에 활쏘기 등 무예를 연습하고 무과시험을 보는 대청인 사청을 지었으며 세조 12년(1466)에 훈련원으로 고쳤다. 현재의 훈련원공원 및 주차장이 건설되기 이전 이곳에는 적벽돌로 장식되고 내부구조는 백두산에서 벌목되어 압록강을 따라 황해로 운반된 육송으로 지어진 목조건물이 있었다. 이 건물 철거시 회수한 목재를 가공하여 여기 안내판을 제막하는데 사용함으로써 옛 내음을 보존하고자 하였다. 1997년 6월 30일 개원했으며 잔디밭, 음수대, 안개분수 등의 조경시설과 관리실, 화장실, 벤치 등의 편익시설을 갖췄다",광장 ,"운동기구, 종합체육관 ","야외의자, 화장실 ",-,https://parks.seoul.go.kr/file/info/view.do?fIdx=229887,서울특별시 중구 을지로 227,02-3396-5852,127.0038188,37.5675245,
16,영등포근린공원,1933년 맥주회사로 출발 60여년동안 약 백억병의 맥주를 생산해 온 우리나라 최대 맥주회사 중 하나인 OB맥주(주)의 최초 공장터로 97년 경기도 이천으로 공장이 이전되면서 서울시에서 공원녹지확충 5개년 계획에 따라 부지를 매입하여 97년부터 98년 7월까지 공원으로 조성하였다. 맥주제조에 이용되던 담금솥을 이 공원의 랜드마크(Land Mark) 로 남겨두었다. ,"파고라, 연못, 개울, 벽천, 잔디밭 ","농구장, 배드민턴장, 풋살경기장 ","음악분수, 주차장, 공중전화, 음수전, 화장실, 의자, 야외정자 ","관리사무소, 공원등, 안내판 ",,서울특별시 영등포구 신길로 275,02-2670-3764,126.910662,37.515423,
17,보라매공원,"보라매공원은 서울특별시 동작구 신대방동 395번지 대방로 219 일대인 옛날 공군사관학교 자리(현주소 신대방동 722)를 1985년 12월 20일에 인수하여 정비 후 1986년 5월 5일 개원하면서 공군사관학교 상징인 '보라매' 명칭을 이어받아 현재에 이르고 있다. 주요 시설로는 중앙트랙, 다목적운동장, 인조잔디축구장, 배드민턴장, 암벽등반장 등 체육시설과 맨발공원, 편의점, 화장실 등 각종 편익 시설도 구비되어 있다. 특히 퇴역한 비행기 8대가 전시된 에어파크는 옛 공군사관학교의 정기를 느낄 수 있으며 공원 내에는 한국 자유총연맹 서울시지부 한국청소년연맹 서울시립보라매청소년터시립발달장애인복지관 남부장애인종합복지관 동작경찰서보라매파견소 보라매안전체험관 등 11개 기관이 입주하고 있다.","잔디마당, 수경시설(연못, 벽천), 철쭉동산, 맨발길 ","중앙트랙, 인조잔디축구장, 테니스장, 다목적운동장, 배드민턴장, 인공암벽등반장, 게이트볼장, 야외운동기구, 농구장, X-game장, 인라인스케이트장 ","주차장, 매점, 음수대, 그늘막, 화장실, 벤치, 풍경놀이터, 어린이놀이터, 바닥분수, 테마물놀이터, 에어파크, 보라매청소년센터, 보라매안전체험관 ","노인종합복지관, 발달장애인복지관, 장애인종합복지관, 동작경찰서 보라매파견소 ",http://parks.seoul.go.kr/file/info/view.do?fIdx=1902,서울특별시 동작구 여의대방로20길 33(보라매공원),02-2181-1113~4,126.918289,37.492333,http://parks.seoul.go.kr/template/sub/boramae.do
18,어린이대공원,"서울어린이대공원은 53만여㎡의 넓은 공간 속에 동물원, 식물원, 놀이동산 및 다양한 공연시설과 체험공간이 가득한 어린이 가족테마공원이다. 1973년 5월 5일(제51회 어린이날) 개원한 이후 도심 속 쉼터로 시민 여러분들께 꾸준한 사랑을 받아온 어린이대공원은 이용시민들의 관람 편의성 향상을 위해 낡고 불편해진 시설을 교체하는 단계적 리모델링 사업을 통해 2009년 5월 5일 재탄생하였다. 또한, 어린이 및 가족을 대상으로 한 다양한 종류의 체험프로그램(동물학교, 생태탐방교실 등)을 상시 운영하고 있다.",분수대 ,-,"야외음악당, 식당, 동물원, 식물원 ",놀이동산 ,http://parks.seoul.go.kr/file/info/view.do?fIdx=1903,서울특별시 광진구 능동로 216(서울어린이대공원),02-450-9311,127.0809212,37.5498987,http://www.sisul.or.kr/open_content/childrenpark/
19,천호근린공원,"천호공원은 강동구 천호동에 위치한 공원으로 야외무대, 연못, 농구장 등 체력단련시설을 갖추고 시민들의 여가생활 및 노년층의 휴식공간으로 각광을 받고 있습니다.","광장, 연못 ","배드민턴장, 농구장, 족구장, 체력단련시설 ","야외무대, 벤치, 팔각정자, 평상, 원형테이블, 피크닉테이블, 음수대 ",-,http://parks.seoul.go.kr/file/info/view.do?fIdx=1904,서울특별시 강동구 올림픽로 702(천호공원),02-474-2770/ 02-489-2776,127.1263451,37.5444741,http://parks.seoul.go.kr/template/sub/cheonho.do
20,용산가족공원,넓은 잔디밭과 연못 등 서구풍의 공원 모습을 느낄 수 있는 곳으로 임진왜란(1592~1598년)때 왜군이 병참기지(兵站基地)로 사용하였고 임오군란(1882년)때는 청나라 군사가 점유하였으며 갑신정변(1884년)과 러일전쟁(1904년) 그리고 1906년부터 1945년 해방 전 까지 일본인들이 군 시설 및 거주지 등으로 사용하였다. 6?25 때 UN군 및 주한미군사령부가 설치되었던 것을 1992년 서울시에서 인수하여 공원으로 조성한 것이다. 또 남산과 한강 사이에 위치해 서울시의 남북 녹지축의 연결고리로 서울시 녹지체계의 구심점이 되며 중앙공원의 성격을 띄고 있다. 전체 공원부지중 골프장이 들어 서있던 곳에 언덕 잔디 광장 연못을 위주로 개방적이고 단란한 분위기의 공원이 조성되어 서울시민들의 자유롭고 평화로운 휴식처로 각광을 받고 있다. ,"잔디광장, 연못, 자연학습장, 맨발공원, 태극기공원 ","철봉, 평행봉, 역기, 윗몸일으키기 등 ","정자, 원두막, 주차장, 음수대, 공중전화, 화장실, 벤치, 자동판매기, 국제조각품 ","야외예식장, 빗물펌프장, 공원가로등 ",http://parks.seoul.go.kr/file/info/view.do?fIdx=1905,서울특별시 용산구 서빙고로 185,02-792-5660,126.983335,37.522226,https://parks.seoul.go.kr/template/sub/yongsan.do
21,독립근린공원,1992년 8월 15일 개원한 독립공원은 조국의 독립을 위해 항거하다 옥고를 치렀던 애국지사의 자주독립 정신을 후손에게 기억시키기 위해서 만들어졌습니다. 그동안 독립공원은 공원입구에 주택ㆍ상가지역이 무질서하게 자리 잡고 주요 시설이 산재되어 있어 시민들의 공원 이용에 불편이 많았으나 2007년 4월 16일부터 추진한 독립공원 재조성 사업을 통해 2009년 10월 28일 재개장하여 독립문 역사관 독립관 순국선열추념탑 등을 유기적으로 연결함과 동시에 시민이용에 불편을 초래했던 노후한 공원시설을 정비하여 공원을 방문하는 학생 관광객 시민고객들의 편의를 최대화 하였습니다. 특히 독립문은 그동안 시민들의 접근을 제한하였으나 서대문독립공원 재조성 사업으로 인하여 112년 만에 시민들에게 개방하게 되었습니다. 서대문독립공원은 역사의 현장임과 동시에 주민들의 포근한 쉼터이기도 하고 자연 속 휴식처 어울 쉼터에서는 다양한 체육시설을 이용하고 여가를 즐길 수 있으며 또한 부모와 자녀가 함께 공부를 할 수 있는 환경이 조성되어 있어 아이들이 배울 역사의 산 교육장소입니다.,-,-,"방문자센터, 순국선열추념탑, 서재필선생동상, 독립관, 3?1독립선언기념탑, 독립문, 형무소 역사관, 이진아기념도서관 ",-,http://parks.seoul.go.kr/file/info/view.do?fIdx=1907,서울특별시 서대문구 통일로251(독립공원),02-364-4686,126.956771,37.5738289,
22,낙산근린공원,낙산은 서울의 형국을 구성하던 내사산(남산 인왕산 북악산 낙산)의 하나로 풍수지리상 주산인 북악산의 좌청룡에 해당하는 산이다. 이렇게 소중한 자연환경과 문화유산을 지니고 있는 낙산은 일제의 강점기를 거쳐 현재에 이르기까지 상당한 부분 파괴 ? 소실되었고 특히 60년대 이후의 근대화 과정에서 무분별한 도시계획으로 인해 아파트와 주택이 낙산을 잠식한 채 오랜 시간 방치되어 역사적 유물로서의 제 기능을 상실하게 되었다.,"관리도로, 산책로, 역사탐방로, 광장(중앙광장, 놀이광장, 전망광장) ","배드민턴장, 농구장 ","주차장, 비우당, 홍덕이밭, 전시실, 매점, 화장실, 육각정자, 노인정, 파고라, 의자, 음수대 ",안내판 ,http://parks.seoul.go.kr/file/info/view.do?fIdx=1908,서울특별시 종로구 낙산길 41 (우) 03085,02-743-7985~6,127.007587,37.580477,http://parks.seoul.go.kr/template/sub/naksan.do
23,매헌시민의숲,"매헌시민의숲은 우리나라 최초로 숲 개념을 도입한 공원으로 울창한 숲을 이루고 있는 공원입니다. 매헌로를 기준으로 북측 구역에는 야외운동장, 어린이놀이터 등이 있으며 사계절 풍경이 아름다워 공원을 산책하는 시민들에게 사랑받는 공간입니다. 남측 구역에는 유격 백마부대 충혼탑과 우면산 산사태 희생자 추모비 등이 있습니다.","잔디광장, 파고라 ","배구장(족구장 겸용), 농구장, 테니스장 ","정자, 음수대, 화장실, 야외 예식장, 윤봉길의사 기념관, 윤봉길 의사 동상 ","백마부대 충혼탑, 대한항공 858편 위령탑, 삼풍백화점 희생자 위령탑, 우면산 산사태 희상자 추모비 ",http://parks.seoul.go.kr/file/info/view.do?fIdx=1909,서울특별시 서초구 매헌로 99 (양재동),02-575-3895/ 02-578-7089,127.035042,37.471225,http://parks.seoul.go.kr/template/sub/citizen.do
24,관악산공원,"관악산은 서울시 관악구 신림동과 금천구 시흥동 독산동과 경기도 안양시 과천시에 걸쳐있다. 관악산(높이 629m)은 1973년 관악구가 영등포구에서 분리되면서 명산으로서의 산 이름이 구의 명칭이 되어 관악구의 상징이자 자랑이 되고 있으며 관악구 문화유산의 대부분이 관악산에서 비롯되었다. 1968년에 건설부 고시 제34호로 도시자연공원으로 지정된 후 2020년에 서울특별시 고시 제2020-254호로 근린공원과 도시자연공원구역으로 변경 결정되었고, 오늘날에는 수많은 서울 시민들이 즐겨 찾는 휴식처로 서울의 명소가 되었다.  관악산 정상에는 지상 레이더 관측소와 조선 태조 이성계가 서울을 도읍지로 정할 때 연주사와 원각사 두 절을 지어 화환(火患)에 대처했다고 하는 정상의 원각사와 연주암을 비롯하여 크고 작은 사찰과 암자가 있는데 아슬아슬한 벼랑 위에 자리 잡고 있는 연주대는 관악산의 모든 등산로가 집결하는 곳이다. ",관악산호수 ,-,"낙성대, 연주대, 삼막사, 관음사 ",-,http://parks.seoul.go.kr/file/info/view.do?fIdx=1910,서울특별시 관악구 관악로 1(관악산공원),02-879-6521,126.96413,37.445208,
25,효창근린공원,효창원(孝昌園)은 본래 조선조 22대 정조대왕(正祖大王)의 장남인 문효세자(文孝世子)와 그의 생모(生母)인 의빈(儀嬪) 성(成)씨와 순조(純祖)의 후궁 숙의(淑儀) 박(朴)씨 및 영온 옹주(永溫翁主)의 묘가 안장되었으나 일제의 간교하에 사적(史蹟)의 격하를 위해 1924년 경성부가 효창원 일부를 공원으로 개발하고 1940년 총독부고시 제208호에 의해 공원으로 지정되었다. 일제 말기 세자 묘를 경기도 고양시 소재 서삼릉(西三陵)에 강재로 옮김에 따라 효창원은 효창공원이 되었다.  광복과 더불어 환국한 임시정부 주석인 백범(白凡) 김구(金九)선생이 조국 광복을 위해 기꺼이 목숨을 바친 이봉창(李奉昌) 윤봉길(尹奉吉) 백정기(白貞基) 의사(義士)의 유해와 안중근(安重根)의사의 가묘(假墓)를 1946년 7월 효창공원에서 국민장(國民葬)으로 지금의 삼의사 묘역에 안장하였고 1948년 9월에는 중국 땅에서 순국한 임시정부 의장과 주석을 지낸 이동녕(李東寧) 국무원비서장(國務院秘書長)을 지낸 차이석(車利錫)선생의 유해와 군무부장(軍務部長)을 역임하고 귀국 후 서거한 조성환(曺成煥)선생을 지금의 임정요인 묘역에 안장시켰다. 1949년 6월에는 김구선생이 흉탄에 쓰러지자 그해 7월 5일 국민장으로 공원 서북쪽 언덕에 안장하였다. 이후 이 일대가 독립운동에 앞장선 선열들의 묘역으로 자리 잡게 되었다.  1978년 3월 10일 효창공원 순국선열추모위원회가 발족된 후 임시정부 수립일인 4월 13일을 7위선열 합동추모제로 매년 봉행되고 있으며 1988년 11월 정부주도하에 효창공원 정비공사가 추진되어 의열사(義烈祠)와 창열문(彰烈門)이 건립되었고 1989년 6월에는 사적제330호로 지정되었다. 현재 효창공원에는 선열묘역과 공원관리사무소 어린이놀이터 배드민턴장 체육시설등의 편의시설과 반공투사위령탑 원효대사상 백범기념관 대한노인회등이 자리 잡고 있다. ,"자연학습장, 연못, 데크로드 ","농구장, 배드민턴장, 게이트볼장, 체력단련시설 ","매점, 공중전화, 화장실, 음수대, 야외탁자, 의자, 시계탑, 어린이놀이터, 정자, 파고라, 의열사, 백범김구선생 묘역, 삼의사묘역, 임정요인묘역, 백범기념관, 이봉창의사 동상 ","관리사무소, 공원등, 안내판, 반공투사 위령탑, 원효대사상 ",http://parks.seoul.go.kr/file/info/view.do?fIdx=1912,서울특별시 용산구 효창원로 177-18,02-2199-7607,126.95993,37.545234,
26,감로천생태공원(관악산),"2026년 현재 국립서울현충원에는 국가원수, 독립유공자 등 200,935분을 안장하고 있다.","생태연못, 감로천별빛다리, 목재데크길 ",야외운동기구 ,-,-,http://parks.seoul.go.kr/file/info/view.do?fIdx=1913,서울특별시 금천구 독산동 373 일대,02-2627-1655,126.9079509,37.469625,
27,개운산근린공원,개운산공원은 1940년 3월 12일 지정된 마을동산 성격의 산지형 공원이다. 돈암동 안암동 종암동 등으로 둘러 쌓여 있으며 성신여자대학교와 고려대학교가 인접하여 있고 면적은 297926㎡이며 공원인근에는 개운산스포츠센터가 위치하고 있다. 산 형세는 자연스런 형태로 힘들지 않게 산책할 수 있으며 운동장이 있어 축구 게이트볼 배드민턴 테니스 등 운동을 할 수 있다. 전에는 아까시나무와 현사시나무가 많았으나 도시환경림 조성으로 불량수목을 제거하고 잣나무 참나무류 팥배나무 산벚나무 등 많은 수목 등이 자라고 있다. 개운산은 나라의 운명을 새롭게 열었다는 뜻의 개운사 절이 있어 붙여진 이름이다. 또 안암동에 있어‘안암산’으로 종암1동의 진씨(陳氏) 성을 가진 사람의 채석장이 있어‘진석산(陳石山)’으로도 불리운다. 공원내에는 향토수목 32종 3290주가 식재되어 있어 자연학습관찰로를 조성하여 어린이 및 학생들이 이용하고 있다. 개운산운동장에는 2003년에 66m의 지압보도와 정자 및 핸드레일을 설치하고 주변에 나무를 심어 가족이 함께 운동과 휴식을 겸할 수 있는 공원으로 많은 시민들이 이용한다.,"산책로(산마루길, 목재데크산책로, 오솔길), 자연학습장, 지압보도 ","축구장, 배드민턴장, 족구장 ","공원이용지원센터, 화장실, 정자 ",-,http://parks.seoul.go.kr/file/info/view.do?fIdx=1914,서울특별시 성북구 북악산로 949-73(돈암동 6-1),02-2241-3667,127.0252858,37.5965837,
28,개웅산근린공원,개웅산공원은 서울시 개봉동 일대와 오류동에 인접한 개웅마을의 지형이 움푹 들어간 관계로 난리 때마다 총탄이 개웃개웃 피해 가서 개웅마을이라 불리고 산 이름도 붙여졌다고 한다. 서울시의 오류동과 개봉동 경계에 위치하고 능선이 세 방향으로 뻗어 내려 삼각형 모양을 이루고 있는 산으로서 산 전체가 단풍나무 아까시나무 소나무 참나무 등 다양한 식생이 잘 보존된 전형적인 자연상태의 공원이다.  연간 100000여 명의 시민들이 개웅산을 이용하고 있으며 등산로 주변에 약수터와 배드민턴장 체력단련장 허리 돌리기 등 운동기구와 의자 등 휴게시설이 등산로 곳곳에 설치되어 많은 시민들로부터 좋은 반응을 얻고 있다. 매년 이용시민의 수가 늘어남에 따라 2006년에 쾌적하고 아름다운 공원으로 조성하였다. ,-,"배드민턴장, 철봉, 허리돌리기, 역기 등 운동기구 ",-,-,http://parks.seoul.go.kr/file/info/view.do?fIdx=1915,서울특별시 구로구 오류동 산13-1,02-860-3165,126.8485734,37.4888943,
29,경희궁,경희궁(慶熙宮)은 조선 후기의 이궁(離宮)이었다. 1617년(광해군 9)부터 짓기 시작하여 1623년(광해군 15)에 완성 하였다. 경희궁의 처음 명칭은 경덕궁(慶德宮)이었으나 원종의 시호인 경덕(敬德)과 같은 발음이라 하여 1760년(영조 36) 경희궁으로 바뀌었다. 경희궁은 도성의 서쪽에 있다고 하여 서궐(西闕)이라고도 불렀는데 이는 창덕궁과 창경궁을 합하여 동궐(東闕)이 라고 불렀던 것과 대비되는 별칭이다. 인조 이후 철종에 이르기까지 10대에 걸쳐 임금들이 경희궁에 머물렀는데 특히 영조는 치세의 절반을 이곳에서 보냈다. 경희궁에는 정전인 숭정전을 비롯하여 편전인 자정전 침전인 융복전 회상전 등 100여 동의 크고 작은 건물이 있었다. 그러나 일제가 대한제국을 강점하면서 경희궁은 수난의 역사를 맞이하였다. 1910년 일본인 학교였던 경성중학교가 들어서면서 대부분의 궁궐 건물이 헐려 나갔고 그 면적도 절반 정도로 축소되어 궁궐의 모습을 잃어버렸다. 서울특별시에서는 경희궁지에 대한 발굴을 거쳐 숭정전 등 정전 지역을 복원하여 2002년부터 시민들에게 공개하고 있다. ,-,-,"자정전, 흥화문, 숭정전 ",-,http://parks.seoul.go.kr/file/info/view.do?fIdx=1918,서울특별시 종로구 새문안로 55(신문로2가 2-1),02-2148-2842,126.9685341,37.570773,
30,국립서울현충원,"동작구 동작동에 위치한 국립현충원은 국가와 민족을 위해 희생하신 순국선열과 호국영령들이 잠들어 있는 국립묘지이다. 2026년 현재 국립서울현충원에는 국가원수, 독립유공자 등 200,935분을 안장하고 있다.",충성분수대 ,-,"현충탑, 현충관, 호국전시관, 충열대, 무명용사 봉안실, 제1?2충혼당 ",-,http://parks.seoul.go.kr/file/info/view.do?fIdx=1919,"서울특별시 동작구 현충로 210(동작동, 국립서울현충원)",02-1522-1555,126.9736849,37.4998621,1. 국문 : https://www.mvpa.go.kr/snmb/www/index.do2. 영문 : https://www.mvpa.go.kr/snmb/en/index.do3. 중국어 간체 : https://www.mvpa.go.kr/snmb/cn/index.do4. 중국어 번체 : https://www.mvpa.go.kr/snmb/zh/index.do5. 일문 : https://www.mvpa.go.kr/snmb/jp/index.do
31,계남근린공원,휴식공간 양천구 신정동과 구로구 고척동 일대의 옛지명인 부평군 계남면의 지명을 따서 계남공원으로 명명되었으며 계남은 계양산의 남쪽에 위치하였다는 뜻으로 전해진다. 계남공원내 정랑고개는 양천구청에서 금옥여중 고등학교로 넘어가는 고개를 말한다. 정확한 이름과 유래는 알 수가 없으나 사람들은 이 고개를 정릉 정랑 정녕 등으로 제각기 부르고 있다. 옛날 장안에서 인천까지 걸어가는 지름길로서 넘은 첫고개이며 그 옆은 성넘어라 부르고 있다. 그런데 사람들은 정랑고개가 옛날 신기(신트리)마을 근처에 있다하여『신트리고개』라고 부르는 사람도 있다.,생태연결통로 ,"다목적구장(실내 배드민턴장), 각종 운동시설(게이트볼장, 족구장) ","장군정, 야외무대, 약수터, 화장실 ",-,http://parks.seoul.go.kr/file/info/view.do?fIdx=1920,서울특별시 양천구 신정동 산44-2일대,02-2620-3576,126.8479643,37.5138358,
32,고척근린공원,1988년 12월에 조성한 구로구의 유일한 종합공원으로 도서관 체육센터 경로당 축구장 테니스장 배드민턴장 광장 야외무대 시설이 있으며 연평균 50000명이 이용하고 있다.   공원 전체 면적 중 약 25000㎡가 임야 상태로 보존되어 있고 산책로 주변에는 운동시설이 있으며 고척도서관은 1988년 12월에 개관하여 176000권의 장서와 864개 좌석을 보유하고 운영 중에 있다. 또한 1993년 12월에 개원한 구로구민체육센터는 실내 수영장 체력단련장 에어로빅장 체육관 등을 갖추고 지역주민들의 건강증진과 생활체육 활성화 공간으로 이용하고 있다. ,"어린이놀이터, 조깅트랙 ","배드민턴장, 테니스장, 운동장, 구민체육센터, 운동기구, 농구장 ",도서관 ,-,http://parks.seoul.go.kr/file/info/view.do?fIdx=1921,서울특별시 구로구 고척로45길 39(고척공원),02-860-2396,126.8521495,37.5042944,
33,파리근린공원,프랑스와 수교 100주년이 되는 1986년에 기념 사업의 하나로 파리에 서울광장을 서울에 파리광장을 각각 조성하기로 하고 이에 목동 신시가지의 제2근린공원을 파리공원으로 조성하여 공원 일부를 파리광장으로 꾸몄다. 파리공원은 상징성과 편익성을 갖춘 공원이다. 주요시설로는 서울광장 연못 파리광장이 있고 한국과 프랑스가 어우러지는 개념으로 한불마당을 조성하였다. 서울광장에는 삼태극문양으로 바닥을 포장하고 벽화 및 벽천을 설치하였다. 파리광장은 프랑스 양식의 무늬화단을 조성하여 기념광장의 특성을 살리고 계절에 따라 다양한 화초를 심어 경관 조성 및 교육적 효과를 연출하고 있다.,"분수(벽천, 무지개 분수, 곡사분수, 바닥분수), 자수화단 ",각종 운동시설(건강라운지) ,"야외무대, 모형 에펠탑 ",관리사무소(화장실) ,http://parks.seoul.go.kr/file/info/view.do?fIdx=1922,서울특별시 양천구 목동동로 363 ,02-2620-3576,126.8763932,37.5349739,
34,허준공원,공원 주위에는 서울 기념물 제11호인 허가바위가 있고 공원 내에는 전설이 깃든 광주바위와 허준 선생이 앉아서 병자를 진료하는 인자한 모습의 동상 그리고 호수 정자 어린이 놀이 시설이 있으며 인근 주민들의 휴식공간으로 이용되고 있다. 또한 주변에 허준박물관과 한강시민공원이 있어 인근 주민들에게 많은 사랑을 받고 있다. 그리고 7월부터 10월까지 건강 약초교실이 매주 일요일 2시부터 5시까지 운영되어 한방비누 만들기 등 다양한 한방체험을 할 수 있다.,연못 ,-,"정자, 어린이 놀이 시설, 허준 동상, 음악분수 ",-,http://parks.seoul.go.kr/file/info/view.do?fIdx=1923,서울특별시 강서구 허준로5길 42,02-2600-4186,126.8526745,37.5679874,
35,궁동근린공원,서대문구 연희동 산 118번지 일대에 있는 산지형 근린공원으로서 연접 연희 시범아파트가 노후되어 아파트 10개동을 철거하고 공원 및 실내체육관을 조성하였다. 인왕산에서 안산으로 이어진 산줄기는 안산 서쪽으로 서대문구청을 감싸고 모래내의 남쪽으로 연하여 연희 1동의 104.3m 봉우리 등을 형성하고 있으며 「대동여지도」에 보면 104고지 지맥 남쪽에 옛 연희궁(衍禧宮)이 표시되어 있다. 궁동공원과 연접한 이른바 104고지라고 불리우는 이곳은 6.25전쟁 중 인천상륙작전 후 서울수복을 위한 격전지로 유명하며 성산 회관 뒷길로 50m쯤 올라가면 '海兵隊一0四高地戰績碑'라고 새겨진 기념비가 새워져 있다.,"파고라, 도로, 산책로 ",실내체육관 ,"정자, 평의자 ","종합안내판, 초화류안내판 ",http://parks.seoul.go.kr/file/info/view.do?fIdx=1924,서울특별시 서대문구 성산로7길 19-24(궁동공원) ,02-330-1965,126.9229851,37.5690506,
36,궁산근린공원,궁산은 파산 성산 관산 진산 등 다양한 명칭이 있으며 옛날 백제의 양천 고성지와 조선시대 화가인 ‘겸재 정선’이 양천 현감으로 재임하며 그림을 그렸던 소악루 양천 향교가 위치하고 있다. 궁산은 임진왜란 때 의병들의 집결장소였으며 한국전쟁 때도 국군이 주둔했던 군사적으로 중요한 전략 요충지였다. 그리고 자연생태가 다양한 탐방코스를 걸으며 숲해설가로부터 숲 속의 식물 곤충 동물 등 생태해설을 들으며 자연놀이도 즐길 수 있는 자연체험교실이 7월부터 12월까지 매월 넷째 주 토요일 오전 10시부터 12시까지 궁산에서 운영되고 있어 지역주민들로부터 많은 호응을 받고 있다.,자연학습탐방로 ,-,"소악루, 양천고성지, 양천향교, 사진촬영전망대 ",-,http://parks.seoul.go.kr/file/info/view.do?fIdx=1925,서울특별시 강서구 가양동 산4-7,02-2600-4185,126.838952,37.5735645,
37,까치산근린공원,옛날에 수목이 우거지고 까치가 많다고 붙여진 까치고개가 있어 까치산공원으로 명명하였으며 2005년 6월 도로 개설로 인해 끊어졌던 공원에 2개의 아치형 생태 다리가 세워져 관악산까지 산책로가 연결되어있다. ,-,-,임당 정공 신도비 ,-,http://parks.seoul.go.kr/file/info/view.do?fIdx=1926,서울특별시 동작구 사당동 산32,02-820-1385,126.9640735,37.4845836,
38,꿩고개근린공원,공원개요 꿩고개공원은 자연환경이 뛰어나지만 지형?경사 등 제반 여건이 시설 설치에 많은 제약을 주고 있다. 또 인접한 방화근린공원은 이용 중심 공원으로 다양한 시설을 갖추고 있다. 따라서 꿩고개 공원은 이용 중심으로 조성하기보다는 생태적으로 최소한의 시설을 설치하고 기존의 생물종을 보호하기 위한 생물 서식 공간 및 소동물 이용 통로 등을 조성하는 방향으로 추진할 계획이다. 일부 산림이 훼손된 지역에 게이트 볼장과 정자 등을 신설하여 인근 주민들이 운동과 휴식을 함께 할 수 있도록 하였으며 지압로 건강 체육시설 약수터음수전 등 건강을 위한 다양한 시설도 이용할 수 있다.,지압로 ,게이트볼장 ,"정자, 약수터음수전 ",-,http://parks.seoul.go.kr/file/info/view.do?fIdx=1927,서울특별시 강서구 방화동 산110,02-2600-4186,126.8157075,37.5801585,
39,노량진공원,"대방동 아파트 숲 사이에 위치한 노량진공원은 1940년 공원으로 지정되었으며, 다목적운동장, 테니스장, 배드민턴장, 조깅트랙 등의 운동시설 및 인공폭포, 공군충혼탑, 오솔길, 화장실, 주차장 등이 있어 생활체육과 여가를 즐길 수 있는 공원이다.","조깅트랙, 산책로 ","다목적운동장, 장애인운동시설, 테니스장 ",공군충혼탑 ,-,http://parks.seoul.go.kr/file/info/view.do?fIdx=1928,서울특별시 동작구 대방동 519(여의대방로44길 39),02-820-1383,126.927319,37.507396,
40,답십리근린공원,이 지역 지명에 따라 명명하였으며 1998년 조성이래 많은 시민들의 소중한 쉼터로 자리매김하고 있다. 답십리 명칭의 유래에 대해서는 여러 가지 전설이 있는데 조선 왕조 초기 무학대사가 왕도를 정하려고 이곳을 밟은 데서 유래했다는 설과 도성 즉 동대문으로부터 십 리 떨어진 거리에 있어 붙여진 것이라는 설도 있고 들이 넓어 답십리라 붙여졌다는 설 왕이 일년에 한차례씩 농민들의 고통을 체험하고자 논둑을 밟으며 모내기를 하였다는 것에서 지어진 것이라는 설 등이 있는데 어느 것이 정설인지는 확실하지 않다. 다양한 체육시설 골프연습장과 종합체육시설을 비롯하여 배드민턴장 등 각종 체력단련시설이 설치되어 건강 증진을 위한 시설들이 조성되어 있고 문화와 관련한 다양한 프로그램이 진행되고 있으며 구름다리로 연결된 숲 속의 산책로는 주민들에게 편안한 휴식처를 제공하고 있다.,그늘시렁 ,"종합체육시설, 배드민턴장 ","휴게소, 문화회관 ",-,http://parks.seoul.go.kr/file/info/view.do?fIdx=1929,서울특별시 동대문구 답십리로 209(답십리공원) ,02-2127-4772,127.0626512,37.507396,
41,대모산도시자연공원,국수봉이라고도 불렸던 높이 293m의 나지막한 산으로 산 모양이 늙은 할미와 같다 하여 할미산으로 불리다가 태종의 헌릉을 모신 후 어명으로 대모산으로 고쳤다고 한다. 예부터 전해 내려오는 구전에 의하면 산 모양이 여승의 앉은 모습과 같다 하는 설과 여자의 앞가슴 모양과 같다 하여 대모산이라는 설이 있으며 이 산에는 불국사(약사절)를 비롯하여 수질 좋은 약수터가 있고 산 입구에는 각종 희귀 나무로 가꾸어진 자연 학습장이 있어 학생들의 야외 교육장 및 주민들의 산책로로 사랑받고 있다.,편익시설 ,다목적 운동장 ,"화장실, 약수터 ",-,http://parks.seoul.go.kr/file/info/view.do?fIdx=1930,서울특별시 강남구 광평로10길 30-71(대모산공원) ,02-3423-6283,127.0809639,37.4796489,
42,탑골근린공원,사적 제354호로 서울 최초의 근대 공원이다. 조선 세조 13년에 원각사로 건립하였던 것을 고종 34년인 1897년 도지부 고문인 영국인 브라운에 의해 공원으로 조성되어 1920년에 공원으로 개원하였다. 1919년 3. 1 운동의 발상지로 처음으로 독립 선언문을 낭독하고 독립만세를 외친 우리민족의 독립 정신이 살아 숨쉬는 유서 깊은 곳이다. 1992년 5월 28일 공원 명칭을 파고다공원에서 탑골공원으로 개정하여 오늘에 이르고 있다. 주요 시설로는 독립운동 봉화에 불을 당겼던 팔각정을 중심으로 국보 제2호인 원각사지 10층 석탑 국보 제3호인 원각사비 등의 문화재와 3.1운동 기념탑 3.1운동 벽화 의암 손병희 선생의 동상 한용운 선생 기념비 등이 있다. 2001년 3월1일부터 탑골공원 재정비 사업을 추진 2002년 3월2일에 완료하였으며 총 19억 원의 예산을 투입하여 우물을 복원하고 손병희 선생 동상 및 3.1운동 기념탑을 기념광장으로 옮기는 등 시설물을 재배치하여 복잡한 공간형태를 단순화함과 함께 공간에 질서를 부여하여 사적지다운 경건한 분위기를 느낄 수 있도록 했다.,우물 ,-,"원각사지10층석탑, 팔각정, 3.1운동기념탑, 손병희선생 동상, 한용운선생 기념비, 편의시설 ",-,http://parks.seoul.go.kr/file/info/view.do?fIdx=1931,서울특별시 종로구 종로 99,02-2148-2843,126.9882853,37.5710052,
43,갈산근린공원,용왕산의 동쪽 능선 끝이 안양천에 닿아 있는데 이 안양천을 따라 남쪽으로 내려가서 구로구와의 경계지점에 이르면 칼산의 능선을 만나게 된다. 양천구에 있는 산들은 대체로 산세가 둥근편 인데 비해 칼산은 안양천의 오랜 침식작용으로 인해 동쪽 부분은 벼랑처럼 깎여 길게 급경사를 이루고 있는데 산정상이 칼날처럼 형성되었다 하여 ′칼산′이라고 부른다. - 칼산이란 이름은 자연 형태 그대로 우리말로 표현된 산 이름입니다. 용왕산과 칼산은 안양천을 따라 양천동편 좌우로 마주보고 있기에 양천을 수호(守護)하는 관문처럼 한 쪽에는용왕이 또 다른 쪽에는 칼로써 수문장(守門將)이 되어 양천을 지키는 형상이라 하겠다. 그러나 최근 칼산이라는 명칭이 부르기에 섬뜩하고 혐오스럽다는 의견으로 인해 지역 공공시설과 동일한 '갈산'으로 개정되었다. - 주변에 차량기지창과 신정제2유수지가 있고 목동 신시가지 아파트가 가까워 도심속의 근린공원으로 자리잡고 있어 인근 주민들의 산책로로 이용되고 있다.,"어린이놀이터, 중심광장 ","멀티코트장, 각종 운동시설 ","갈산정, 교통교육관 및 전시물, 교통안전교육 체험장, 전망대 ",-,http://parks.seoul.go.kr/file/info/view.do?fIdx=1932,서울특별시 양천구 신정동 162-56,02-2620-3576,126.8689146,37.5082119,
44,천마근린공원,조선조 병자호란때 임경업 장군이 개롱리에서 갑옷을 입고 투구봉에서 투구를 쓴 후 마산(천마산)에서 나온 용마를 타고 싸움에 출전하였다고 전해진다. 천마산은 송파구 마천동 산 1번지 1호 마천동과 하남시 사이에 위치하고 있으며 등산코스에는 150개의 계단이 설치되어 있고 최근에는 이용객의 안전을 위한 난간을 추가로 설치하였고 산 정상에서는 마천동과 거여동은 물론 송파구 일대가 한눈에 들어와 전망이 뛰어나고 씨랜드 화재사고로 희생된 어린이들의 넋을 달래고 사고방지를 위하여 어린이 안전교육장이 설치되어 있다.,어린이안전공원 ,"축구장, 배드민턴장, 체력단련장 ",-,-,http://parks.seoul.go.kr/file/info/view.do?fIdx=1936,서울특별시 송파구 마천동 산 1-1,02-400-0978,127.1586644,37.5005173,
45,도곡근린공원,도곡공원은 산지형 공원으로 논현로 도곡동 길 언주로 남부순환로에 둘러싸여 있고 사방으로 산책로가 있어 접근이 용이하다. 산책로를 따라 배드민턴장 문화 전시공간 다목적운동장 휴식공간 체력단련시설들이 어우러져있어 인근 지역주민들의 건강증진 및 체력단련에 많은 도움을 주고 있다. 공원 남쪽으로는 아파트 단지들이 있으며 북쪽으로는 학교와 병원 등이 위치해 있다.,-,"배드민턴장, 다목적 운동장 ","약수터, 화장실, 정자 ",-,http://parks.seoul.go.kr/file/info/view.do?fIdx=1937,서울특별시 강남구 도곡동 산31-1,02-3423-6248,127.0450338,37.4903127,
46,도산근린공원,도산공원은 1973. 11. 10 망우리 공동묘지에 안장되어 있던 도산 안창호 선생의 묘소를 이장하여 부인 이혜련 여사와 함께 합장하면서 개원하게 되었다. 공원 내에는 도산 선생 기념물로 동상 어록비 비문 해설기 등이 설치되어 있으며 매년 3월 10일 이곳에서 흥사단 및 도산기념사업회 주관으로 도산 선생 추모 기념행사가 열린다. ,그늘시렁 ,운동시설 ,"도산묘소, 동상, 도산기념관, 화장실 ",-,http://parks.seoul.go.kr/file/info/view.do?fIdx=1938,서울특별시 강남구 도산대로45길 20(도산공원),02-3423-6244,127.0350296,37.5246752,
47,청량공원,성북구와 동대문구에 위치한 청량근린공원은 홍릉 및 의릉이 있어 대부분의 면적이 문화재보호구역으로 지정되어있다. 많은 부분이 보호구역인 만큼 사람이 손길이 닿지 않아 자연환경이 아름다우며 정상에서는 북한산 수락산 오동근린공원 등이 한눈에 들어온다. 공원 내에는 어르신이 운동을 할 수 있는 어르신 건강마당이 있어 다양한 운동기구와 치매 예방을 위한 기구가 설치되어 있다. 공원 인접에는 성북구 정보도서관이 있어 청소년 등이 공부하며 정서를 함양할 수 있는 최상의 역할을 하고 있다. 성북구에서는 문화재청과 협의하여 문화재구역 일부를 개방하여 의릉 ~ 돌뫼어린이공원 ~ 성북정보도서관을 연결하는 환상의 산책로를 조성하였다. ,"진입광장, 휴식광장, 입구연못, 파고라, 조경수원, 목교, 야외학습장 ",건강마당 ,"전망테크, 산림종합전시관, 도서관, 공연장 ",-,http://parks.seoul.go.kr/file/info/view.do?fIdx=1939,서울특별시 성북구 화랑로18가길 50,02-2241-3683,127.0511145,37.6020055,
48,초안산근린공원,초안산은 114.1m 봉우리를 중심으로 북서쪽 도봉구 창동(면적:673166㎡) 남동쪽은 노원구 월계동(면적:950643㎡) 일대에 걸쳐 있으며 1971년 8월 6일 건설부 고시 제465호로 공원으로 지정되었고 1997년 10월 30일 공원 명칭이 월계공원에서 초안산공원으로 바뀌었다. 동쪽 기슭 월계 2동 766번지 일대를 능골 또는 능동이라 부르는데 조선 명종 때 청백리였던 이명의 묘와 신도비가 있기 때문이다. 그리고 이명 신도비 옆에는 예안 이씨의 전통가옥이 보존되어 있다. 5만 평 정도의 나지막한 야산인 초안산은 114.1m 봉우리와 102.5m 봉우리 사이에 약 100기의 조선시대 내시들 무덤이 있으며 현재는 배드민턴장과 각종 체육시설이 갖추어져 있고 남쪽으로는 약수터가 있어 인근 주민의 휴식처가 되고 있다. ,"잔디광장, 계류, 생태연못, 녹지대, 산책로 ",생활체육시설 ,음수대 ,-,http://parks.seoul.go.kr/file/info/view.do?fIdx=1940,서울특별시 도봉구 창동 산157,02-2091-3754,127.0455446,37.648316,
49,동명근린공원,"동명근린공원은 북으로 고덕산과 한강이 흐르고 남동쪽으로도 크고 작은 산이 있어 서울의 여타 지역보다 맑은 공기를 마시며 뛰어놀 수 있고 심신을 단련할 수 있는 장소이다. 주요 시설로는 축구장, 족구장, 배드민턴장, 농구장이 있어 지역주민에게 다양한 생활체육 및 여가활동의 기회를 제공하고 있다. 축구장은 현재 동명근린공원 공영주차장 건립공사로 인해 임시 폐쇄 상태이며 2026년 6월 재개장할 예정이다. ",-,"축구장, 족구장, 배구장, 배드민턴장, 농구장 ",-,-,http://parks.seoul.go.kr/file/info/view.do?fIdx=1911,서울특별시 강동구 고덕2동 229,02-3425-8820,127.1676703,37.5598341,
50,마로니에공원,마로니에 공원은 대학로 옆 옛 서울대학교 문리대 법대자리에 위치한 넓이 5802㎡로써 문예회관 및 대학로 길거리에 작품들이 전시되어 있어 꿈과 낭만이 어린 문화예술의 거리로 독특한 분위기를 자아내고 있다. 또한 공원내에는 야외무대가 마련되어 음악콘서트 무용 연극등이 수시로 열리며 곳곳에 젊은이들의 만남의 광장 대화의 장소로 인기가 매우 높다. 2002월드컵축구대회때는 마로니에공원과 대학로에서 많은 인파속에 열렬히 응원했던 장소로도 유명하다.  인근에는 성균관대 성신여대 한성대학 등이 위치해 있고 현재는 많은 다양한 계층의 사람들이 이용하는 곳으로 탈바꿈되었다. 특히 공원내 심어져 있는 마로니에 나무는 웅장한 고목으로 공원의 상징 기념수로 알려져 있다.,조합놀이대 ,-,"야외무대, 분수대 ",-,http://parks.seoul.go.kr/file/info/view.do?fIdx=1941,서울특별시 종로구 대학로8길 1,02-2148-2843,127.0027886,37.5802295,
51,자매근린공원, 앙카라공원이라고도 하며 1971년 8월 23일 서울시와 터어키 앙카라시의 자매결연 체결을 기념하기 위하여 터어키의 풍물이 담긴 주제공원으로 조성하여 1977년 5월 1일에 개원하였다. 이보다 앞서 1973년 10월 앙카라시에도 10000㎡규모의 한국공원을 조성하여 개원한 바 있다.,"조형물, 파고라 ","배드민턴장, 게이트볼장 ","앙카라하우스, 화장실 ",관리실 ,http://parks.seoul.go.kr/file/info/view.do?fIdx=1942,서울특별시 영등포구 의사당대로 166 (우) 07324,02-2670-3764,126.9302895,37.5177329,
52,장지근린공원,군부대가 위치해 있던 미시설 공원을 2003년도에 일부 구간에 한하여 개미?투구봉?체육동산으로 구분하여 공원을 조성하였다. 삼림욕장의 기능을 하는 산책로와 주민건강을 위한 각종 운동기구 배드민턴 게이트볼장 등 다양한 체육시설과 휴식공간을 갖추어 많은 주민들이 즐겨 찾고 있다.,휴게광장 ,"체력단련장, 배드민턴장 ",-,-,http://parks.seoul.go.kr/file/info/view.do?fIdx=1943,서울특별시 송파구 장지동 산 11번지,02-400-0978,127.1387,37.4957083,
53,명일근린공원,"일자산 북쪽에 위치한 명일공원은 서울시에서도 쉽게 찾아보기 힘든 대규모의 공원이다. 나지막한 산에 숲이 우거져있어 훌륭한 산책코스로 주민들에게 사랑받고 있다. 상일동 산 26번지 일대에는 야생화 단지, 생태연못, 어린이 놀이터, 벽천, 분수 등이 조성되었으며 상일동산이라고도 불리는 이곳은 다양한 모습을 보이며 휴식처로서 제 역할을 다하고 있다. ","생태연못, 바닥분수, 계류, 벽천, 어린이놀이터, 돌무더기 ",-,초가정자 ,-,http://parks.seoul.go.kr/file/info/view.do?fIdx=1944,서울특별시 강동구 상일동 135,02-3425-6445,127.1613641,37.5537143,
54,방화근린공원,방화공원은 사시사철 꽃향기가 퍼지는 개화산 옆에 있는 동네라는 뜻인 방화동의 이름에서 따온 것으로 1990년 12월에 공원으로 지정되어 방화 택지 개발지구 개발과 함께 공원으로 조성되었다. 공원 내에는 다목적운동장을 비롯한 체육시설과 더불어 원형광장 연못 분수대 물레방아 등이 설치되어 있다. 또한 공원의 산책로 곳곳에 파고라 휴게소 등 휴식공간과 녹지공간이 어우러져 있다.  산책로를 따라 벚꽃나무 등 각종 수목들이 식재되어 있으며 울창한 산림으로 둘러싸인 개화산과 꿩고개공원에 인접하고 있어 가족단위의 피크닉 장소로도 알맞은 곳이다. 여름철에는 연못의 분수대가 정취를 더하며 겨울에는 원형광장에 얼음썰매장을 개장해 인근 어린이들의 놀이공간으로 활용되고 있다. 공원 산책로와 연결된 등산로를 따라 개화산을 오르면 군데군데 운동시설과 약수터가 있으며 정상에 오르면 유명한 약사 사절이 있고 한강과 김포 쪽 평야가 한눈에 내려다보인다.,"원형광장, 연못, 분수대, 어린이놀이터, 산책로, 파고라 ","다목적운동장, 체육시설 ",휴게소 ,-,http://parks.seoul.go.kr/file/info/view.do?fIdx=1848,서울특별시 강서구 금낭화로 176(방화공원),02-2600-4186,126.8132285,37.5819812,
55,아시아근린공원,아시아공원은 1986년 아시안 게임을 대비하여 선수촌 및 기자촌 아파트 단지 건립과 함께 조성된 곳으로 서울종합운동장 등 각종 경기시설이 인접해 있다. 소나무 대추나무 등 다양한 나무 및 꽃들로 가득찬 넓은 녹지공간에 「자연과 빛」조형물 야외공연무대 시와 그림의 광장 송파문화예술회관 부리도(浮里島) 기념비 등이 자리 잡고 있어 주민 문화공간과 휴식공간으로 널리 활용되고 있다 문화예술회관에서는 지역문화사업을 계획?보급함으로써 애향심과 구민 일체감을 조성하여 다채로운 문화행사와 교양강좌 개최로 주민의 문화적 참여 기회를 확대하고 문화예술진흥에 기여하는 문화 휴식공간으로 널리 활용되고 있다.,시와 그림의 광장 ,-,"송파문화예술회관, 야외공연장, 부리도 기념비 ",-,http://parks.seoul.go.kr/file/info/view.do?fIdx=1849,서울특별시 송파구 올림픽로 44 (잠실동),02-412-0270,127.0762885,37.5102779,
56,배봉산근린공원,공원이 부족한 동대문구의 유일한 산지형 공원이면서 상징공원으로 군부대가 주둔하고 높이 15~20m의 절개지에 대규모 암반이 노출되어 있던 곳을 1992년에 공원으로 조성하였다. 공원 내 50년 넘게 공원경관을 저해하던 위생 병원 담장을 철거하고 그 자리에 야생화 단지 생태연못 지압보도 등을 설치하여 자연학습장을 및 주민 휴식공간으로 조성하였다. 그밖에 어린이 놀이터 및 야외공연장 각종 운동시설 4km의 산책로가 있어 지역주민의 생활문화 향상 및 여가생활의 장으로 활용되고 있으며 부족한 녹지공간 확보를 위해 기존 공원과 중랑천 제방을 연계한 녹지 순환길을 조성하고자 배봉산근린공원 내 산책로를 보완 정비하고 중랑천 길과 연계한 보도 육교를 연결하여 명실공히 동대문구의 체계화된 중심공원으로 거듭나고 있다. 매년 5월에 구민 걷기대회가 열리고 또한 사생대회 문화 관련 음악행사 체조교실 등 다양한 이용 프로그램을 진행하고 있어 공원 이용이 활성화된 곳이다. ,"인공폭포, 어린이놀이터, 산책로, 자연학습장 ",체육시설 ,"야외무대, 약수터 ",관리사무실 ,http://parks.seoul.go.kr/file/info/view.do?fIdx=1850,서울특별시 동대문구 한천로43길 12-14(배봉산공원) ,02-2127-4772,127.0641623,37.5812324,
57,안산도시자연공원,해발 295.9m의 안산은 인왕산에서 서쪽으로 비스듬히 뻗어 무악재를 이루고 솟은 산이다. 길마재의 다른 이름인 무악재는 모악재로 부르기도 하였으며 조선왕조가 개창 되어 도읍을 한양으로 옮기면서 무악은 궁궐의 주산(主山)으로 주목되기도 하였다. 식생은 연희동 지역인 서 남측 연희동 지역은 자작 산벚 물푸레 잣나무 등 1990년도부터 환경림으로 양호한 수림을 형성하고 있으며 북동부 암반지역은 왜소한 소나무 산정부 일대는 팥배 상수리 오리나무가 분포하고 남동 측 임야는 대규모 아까시나무 군락을 형성하고 있다.,"조합놀이대, 만남의광장, 산책로, 연희숲속쉼터(잔디마당, 숲속쉼터허브원, 습지, 계류시설), 안산자락길, 데크로드 ",-,"팔각정자, 야외탁자, 화장실, 약수터, 홍제천 수변마당 ","관리사무소, 공원등, 안내판 ",http://parks.seoul.go.kr/file/info/view.do?fIdx=1851,서울특별시 서대문구 홍제동 산33-98,02-330-1965,126.9390273,37.5798246,
58,염창근린공원,서울특별시 강서구 염창동 주민들의 휴식처인 염창공원은 한강조망이 아주 뛰어난 공원이다. 염창산에 관련된 옛 고전에는 염창산이 증산으로 표기되어 있다. 원래 이름은 ‘일찍 증(曾)’ 자가 아닌 ‘건질 증(拯)’ 자이며 그 유래는 곡식을 실어오던 세곡선(稅穀船)이 강화만을 통해 거슬러와 용산으로 가던 도중 이곳 염창산에서 자주 좌초되었는데 이때 곡식을 건지는 사람들이 모여 살았다 하여 증미(拯米)산이라 했고 이 말이 줄어 증산(拯山)이 되었다. 증산 아래에는 한양으로 들어 갈 소금창고가 있었던 관계로 오늘날 염창산(鹽倉山)이라 불리게 되었다.,-,"골프연습장, 스포츠센타 ",-,-,http://parks.seoul.go.kr/file/info/view.do?fIdx=1852,서울특별시 강서구 염창동 산24-1,02-2600-4186,126.8689817,37.5579702,
59,백련근린공원,백련산 정상(높이 215.5m)에서 능선을 경계로 서대문구와 은평구로 나누고 있으며 백련산은 동남쪽에 백련사(白蓮寺)라는 절이 있어 붙여진 이름으로 예부터 동쪽의 청련사(靑蓮寺) 남쪽의 삼막사(三幕寺) 북쪽의 승가사(僧伽寺)와 함께 서백련(西白蓮)으로서 도성의 4대 비보사찰(裨補寺刹) 가운데 하나로 전해지고 있다. 전설에 의하면 이 절의 서쪽에 있어서 '西方淨 淨土寺'라고 하였는데 어느 여름날 연못에서 갑자기 하얀 연꽃이 피어올라 백련사라 명칭을 바꾸었다고 한다. 백련산 정상(높이 215.5m) 등산로 주변에 체력단련시설이 잘 갖추어져 있어 많은 시민들이 이용하고 있다.,"정자, 파고라, 조합놀이대, 도로, 산책로, 논골지구(팔각정, 초정, 계류, 생태연못, 허브원, 장미원, 실용원, 약용원) ",운동시설 ,"청소년수련관, 문화체육회관, 화장실, 음수대 ","종합안내판, 관리사무소 ",http://parks.seoul.go.kr/file/info/view.do?fIdx=1860,서울특별시 서대문구 통일로 507-22(백련공원) ,02-330-1965,126.928616,37.5879662,
60,오금근린공원,오금공원은 지하철 5호선 오금역에 인접해 있으며 가락동 송파경찰서 대각선 방향 오금동 송파우체국 건너편에 자리하고 있다. 오금공원은 해발200m의 야산을 친환경적으로 조성한 공원으로 갖가지 나무와 꽃 잔디가 어우러져 몸과 마음을 상쾌하게 해준다. 또한 야생 초화류 30여정과 자생 관목류 20종이 자라고 있는 자연학습장이 조성되어 있어 산책을 하며 다양한 식물을 관찰할 수 있다. 광장 5곳과 어린이놀이터 산책로 9코스가 있어 지역주민들의 발길이 끊임없이 이어지고 있으며 운동장 정구장 수영장 배드민턴장 게이트볼장 체력단련장 인라인하키장 등의 운동시설은 인근 주민들과 학생들의 체력단련 및 휴식처로 사랑받고 있다.,"자연학습관찰로, 삼림욕장 ","테니스장, 배드민턴장, 게이트볼장 ","곰두리체육센터, 송파도서관 ",-,http://parks.seoul.go.kr/file/info/view.do?fIdx=1861,서울특별시 송파구 오금로 363 오금근린공원 ,02-400-0978,127.1323957,37.5038715,
61,오동근린공원,"오동공원은 서울 강북구와 성북구에 걸쳐 있으며 강북구 번동, 미아동 외 5개 동과 성북구 월곡동에 걸쳐 있는 대단위 공원으로 수림이 잘 형성되어 있어 인근 주택단지에 주거하고 있는 주민들의 휴식과 운동 장소로 이용되고 있다.","북서울꿈의숲, 놀이터 ","체력단련시설, 배드민턴장, 골프연습장, 구민운동장, 다목적체육관 ","정자, 화장실 ",-,http://parks.seoul.go.kr/file/info/view.do?fIdx=1862,서울특별시 강북구 번동 산20-1,02-901-6929,127.0317269,37.6327957,
62,봉산도시자연공원,서울시 은평구와 경기도 고양시에 걸쳐위치하고 있는 공원으로 남으로 매봉산 월드컵공원 동으로 백련산 북한산과 연결되는 주택가 생활권 주변에 위치한 공원이다. 가장 높은 봉우리가 210m로 경사가 완만하고 접근이 쉬워 산정상과 능선을 따라 등산로가 발달되어 많은 주민들이 이용하고 있으며 주요 시설로는 1459년 창건된 조성왕조의 전통사찰인 수국사와 약수터 4개소 주요 등산로변에 운동.편의시설 600여점이 설치되어 등산객 등 이용자에게 편의를 제공하고 있다.  봉산은 산 이름에서 느낄 수 있듯이 예로부터 주요 통신수단의 하나인 봉화가 변방에서 중앙으로 전달되는 매우 중요한 길목이었다. 문헌에 나타난 기록을 체계적으로 발굴.정리하여 봉수대를 건립코자 추진중에 있으며 조선왕조의 예종 숙종을 비롯한 왕후의 묘(창릉 명릉 익릉 홍릉 경릉)가 있는 서오능이 인근에 위치하고 있다.,산책로 ,운동시설 ,전시관 ,-,http://parks.seoul.go.kr/file/info/view.do?fIdx=1863,서울특별시 은평구 구산동 산61,02-351-8003,126.9020153,37.604071,
63,온수도시자연공원,서울시의 남서 측 양천구와 구로구에 걸쳐 있고 경기도는 부천시와 접하고 있으며 남쪽으로 경인국도 동쪽으로 남부순환로 북쪽으로 경인 고속국도와 접하여 접근이 매우 용이하고 1971년 공원으로 지정되었으며 임상이 양호하며 식생이 다양하게 잘 보존된 전형적인 자연형 공원으로 년 180000여 명의 시민이 이용하고 있으며 등산로 주변에 약수터와 배드민턴장 체력단련장 의자 등 휴게시설과 철봉 허리 돌리기등 운동기구가 등산로 곳곳에 설치되어 많은 시민들로부터 좋은 반응을 얻고 있다.   ,-,"배드민턴장, 체력단련장, 철봉, 허리돌리기 등 운동기구 ",-,-,http://parks.seoul.go.kr/file/info/view.do?fIdx=1864,서울특별시 구로구 개봉동 산2-60,02-860-2396,126.83695,37.5002598,
64,봉은공원,봉은사가 위치하고 있어 불교 관련 체험행사가 풍부하며 대방광불화엄경(大方廣佛華嚴經) 수소연의 초판 秋史 金正喜가 만년에 쓴 '板殿' 현판과 선불당이 문화재로 지정되어 있는 사적공원이다.,-,-,"봉은사(대웅전, 선불당), 판전(편액) ",화엄경판 ,http://parks.seoul.go.kr/file/info/view.do?fIdx=1865,서울특별시 강남구 삼성동 75,02-3423-6244,127.0554961,37.5139026,
65,올림픽공원,"1988년 서울올림픽을 기념하기 위해 조성된 곳으로 6개의 경기장이 있는 스포츠 구역과 백제초기 문화유적인 몽촌토성을 중심으로 크게 두 지역으로 나누어져 있다.현재 체조경기장은 KSPO DOME, 펜싱경기장은 핸드볼경기장(티켓링크라이브아레나), 역도경기장은 우리금융아트홀로 리모델링하여 시민들이 스포츠활동 뿐만 아니라 문화 활동도 함께할 수 있는 복합 공간으로 조성되어 있다.몽촌토성에는 움집터와 독무덤 등의 역사 유적지가 있으며, 공원 내 한성백제박물관에서 몽촌토성 내의 유물을 발굴하고 전시하고 있다. 공원 내에는 98개국 191명 작가의 작품이 있는 조각공원을 겸하고 있어 세계 유명 조각 작품들을 만나볼 수도 있고 88마당, 피크닉장 등 휴식공간이 조성되어 있다. ","몽촌토성, 몽촌해자, 조각공원, 장미광장 ","수영장, 테니스장, 축구장 ","KSPO DOME, 핸드볼경기장(티켓링크라이브아레나), 우리금융아트홀 ",-,http://parks.seoul.go.kr/file/info/view.do?fIdx=1866,서울특별시 송파구 올림픽로 424 (방이동),02-410-1114,127.122959,37.520934,
66,와룡근린공원,와룡근린공원은 삼청근린공원 창경근린공원 북악산 도시자연공원이 연접해 있는곳으로 용(龍)이 길게 누워있는 형상을 하여 와룡동이라고도 하고 1914년 부제(府制) 실시에 따라 이전 중부 정선방의 이동(泥洞) 누동(樓洞) 수문동(水門洞) 승문동(承文洞) 마동(麻洞)의 각 일부를 병합하여 창덕궁 돈화문이 있는 지대이므로 나라의 상서(祥瑞)인 와룡(臥龍) 봉익(鳳翼)의 이름을 따서 와룡동이라고 하며 동에서 서로 길게 늘어져 있다. 와룡근린공원은 토심이 얕아 수목생육이 어렵고 아카시나무 등으로 산림이 조성되었으나 주민들이 생명의나무 천만그루 심기 행사에 스스로 참여하여 수목을 심고 가꾸어 푸르름과 계절별 아름다운 꽃이 피는 공원으로 변모하고 있다.,말바위 ,테니스장 ,노천탕 ,-,http://parks.seoul.go.kr/file/info/view.do?fIdx=1867,서울특별시 종로구 와룡공원길 192 (우) 03063,02-2148-2842,126.9901672,37.5907944,
67,봉화산근린공원,봉화산은 중랑구 묵동.신내동.상봉동에 접하여 있고 정상까지 높이는 160.1m로 평지에 돌출되어 있는 독립구릉이다. 동쪽에 아차산 주능선이 있는 것을 제외하고는 북쪽으로 불암산.도봉산과 양주 일대까지 잘 조망되며 서쪽과 남쪽으로도 높은 산이 없어 남산과 한강 이남지역도 조망할 수 있는 지역이다. 봉화산은 일명 '봉우재'라고 불리는데 1963.1.1일부로 경기도 양주군 구리면에서 서울시에 편입되었고 봉화산이라는 이름으로 봉화와 관련 있는 지역임을 알 수 있으며 지난 1994년 11월 7일 봉수대를 복원하였다.,-,-,봉수대 ,-,http://parks.seoul.go.kr/file/info/view.do?fIdx=1868,서울특별시 중랑구 묵동 산46-1,02-435-0069,127.0923625,37.6106404,
68,북악산도시자연공원,1968년 1.21사태이후 일반인 출입이 전면 통제 되었으나 2006.4.1숙정문 일대를 일부 개방한데 이어 2007.4.5 일반에 전면 개방되었다. 탐방객은 매주 월요일을 제외하고 하절기 4월부터 10월까지 오전 9시부터 오후 3시 동절기 11월부터 3월까지 오전 10시부터 오후3시까지 입산이 가능하며 신분증 지참하고 현지에서 출입 신청서 제출 후 관람 가능하며 관람료는 무료입니다.,"서울성곽, 탐방코스, 백사실계곡 ",-,"숙정문, 창의문 ",1.21사태 소나무 ,http://parks.seoul.go.kr/file/info/view.do?fIdx=1869,서울특별시 종로구 부암동 산2-6,02-2148-2835,126.9737295,37.5929992,
69,북한산국립공원,"세계적으로 드문 도심 속의 자연공원인 북한산국립공원은 1983년 우리나라 15번째 국립공원으로 지정되었다. 면적은 77.334㎢로 우이령을 경계로 하여 북쪽으로는 도봉산 지역, 남쪽으로는 북한산 지역으로 나뉜다. 북한산국립공원은 화강암 지반이 침식되고 오랜 세월 풍화되면서 곳곳에 깎아지른 바위봉우리와 그 사이로 흘러내리는 아름다운 계곡들을 이루고 있다. 또한, 2,000년의 역사가 담긴 북한산성을 비롯한 수많은 역사, 문화유적과 100여 개의 사찰, 암자가 위치하여 다양한 볼거리를 제공함과 동시에 역사 문화 학습의 장이 되고 있다.세계적으로 드문 도심 속의 자연공원인 북한산국립공원은 1983년 우리나라 15번째 국립공원으로 지정되었다. 면적은 76.922㎢로 우이령을 경계로 하여 북쪽으로는 도봉산 지역, 남쪽으로는 북한산 지역으로 나뉜다. 북한산국립공원은 화강암 지반이 침식되고 오랜 세월 풍화되면서 곳곳에 깎아지른 바위봉우리와 그 사이로 흘러내리는 아름다운 계곡들을 이루고 있다. 또한, 2,000년의 역사가 담긴 북한산성을 비롯한 수많은 역사, 문화유적과 100여 개의 사찰, 암자가 위치하여 다양한 볼거리를 제공함과 동시에 역사 문화 학습의 장이 되고 있다.",-,-,-,-,http://parks.seoul.go.kr/file/info/view.do?fIdx=1870,"서울특별시 강북구, 도봉구, 서대문구, 성북구, 은평구, 종로구 일대  경기도 고양시, 양주시, 의정부시 일대",02-909-0497~8,127.000938,37.624549,https://www.knps.or.kr/front/portal/visit/visitCourseMain.do?parkId=121500&menuNo=7020092
70,외국인묘지공원,묘지 사잇길에는 20여 개의 벤치와 편의시설들이 있어 산책과 사색의 공간으로 손색이 없으며 외국인으로 우리나라 발전에 기여한 역사적 인물들과 그들의 사살을 묘비를 통해 만나볼 수 있다. 또 백 년이 넘는 동안 공원에는 아름드리나무들이 우거져 묘지라기보다 그저 외국의 어느 아름다운 공원을 산책하는 기분이 드는데 가끔씩 이국적 풍경을 촬영하기 위해 영화 관계자들이 찾기도 하는 이곳은 3만 6천 명(내국인 3만 명 외국인 6천 명)이 다녀가는 특색 있는 공원이다. 또한 공원 내에는 기념관이 있어 전시 보관된 순교 외국인들의 유물과 유품들을 볼 수 있으며 외국인 교회에서는 주일마다 외국인 등의 예배가 열리고 있다.,녹지대 ,-,"묘지, 휴게시설, 편의시설 ",-,http://parks.seoul.go.kr/file/info/view.do?fIdx=1871,서울특별시 마포구 양화진길 46(외국인묘지공원),02-3153-9554,126.911414,37.546797,
71,불광근린공원,북측으로는 수려한 북한산이 위치하고 서측으로는 봉산 월드컵공원 등 녹지축에 이어 수도 서울의 자랑인 한강과 이어지며 통일로 불광로 등 간선도로와 주거 밀집지역으로 둘려 쌓여 있는 도심 생활권내 근린공원이다. 공원을 중심으로 주택 학교 등 다중이용시설이 밀집되어 있어주민들에게는 산책과 여가활용 장소로 학생들에게는 자연학습 장소로 활용되고 있는 등 실질적인 근린생활자의 녹지 쉼터로 이용되고 있다. 주요시설로는 380석 규모의 구립도서관이 공원 산자락에 위치하고 운동시설과 편익시설 72점이 주요 등산로변에 설치되어 이용객에게 편의을 제공하고 있다.,산책로 ,실외배드민턴장 ,도서관 ,-,http://parks.seoul.go.kr/file/info/view.do?fIdx=1872,서울특별시 은평구 불광동 산33-1,02-351-8004,126.9298962,37.6188016,
72,불암산도시자연공원,불암산은 서울과 경기 남양주의 경계를 이루며 덕릉고개를 사이에 두고 수락산과 이웃하고 있는 산이다. 불암산은 사암으로 된 산이라 수목이 울창하지는 않지만 능선은 기암으로 이어지고 봄의 철쭉은 화원을 연상케 한다. 북한산과 더불어 암벽등산 훈련 코스로 적당한 곳이어서 휴일이면 암벽 장비를 둘러맨 클라이머들이 끊이지 않고 찾는다. 정상에서는 북한산 도봉산 비봉 보현봉 등이 눈앞에 펼쳐진다.,등산로 ,-,휴게시설 ,-,http://parks.seoul.go.kr/file/info/view.do?fIdx=1873,서울특별시 노원구 한글비석로12길 51-33(불암산공원) ,02-2116-3943,127.0952714,37.6636719,
73,용마폭포공원,경기도 구리시와 중랑구 망우동 광진구 중곡동 광장동에 광범위하게 걸쳐 있는 공원으로 산이름은 아차산(峨嵯山)으로 이는 원래 명칭은 阿旦山인데 임금이름을 피하여 아차산(亞且山)으로 불렀다. 이후 『세종실록』지리지에 지금의 이름인 峨嵯山으로 정착되었으며 용마공원은 아차산의 최고봉이 용마봉의 이름을 따서 지어졌으며 중랑구쪽은 용마랜드 놀이동산이 있으며 광진구쪽은 워커힐이 있어 산위에 올라보면 서울시 전체를 내려다 볼 수 있고 한강의 푸른물과 강변의 경관을 내려다 볼 수 있는 공원이다. 용마산은 해발 348m로 아차산의 최고봉으로 면목동 동편에 위치하고 있으며 망우리공원 중곡동 간의 산능선을 따라 이어지는 등산로를 통해 망우리에서 아차산성을 거쳐 어린이 대공원 후문 근처까지 이어진다. ,"광장, 용마폭포공원 ",수영장 ,노인정 ,-,http://parks.seoul.go.kr/file/info/view.do?fIdx=1874,서울특별시 중랑구 면목동 산1-4 ,02-2094-2965,127.0905888,37.5731968,
74,사육신공원,단종을 모시던 신하들로서 벼슬과 목숨을 초개같이 여기고 단종 복위 모의를 꾀하다가 배반자의 밀고로 발각된 후 능지처사를 당한 하위지 성삼문 류성원 이개 유응부 박팽년 김문기 일곱 분의 묘가 이 공원에 모셔져 있으며 묘역 앞 건물에는 위 일곱 분의 위패를 모신 사당 의절사가 있고 의로운 충혼을 위로하고 불굴의 충의(忠義) 정신을 널리 기리고자 매년 10월 9일에 추모제향을 올리고 있다. 사육신공원은 1978년 5월 19일에 개원되었으며 공원 내의 사육신 묘는 서울특별시 유형문화재 제8호로 지정되었다. ,산책로 ,-,"사육신묘, 의절사, 불이문, 홍살문, 비각 ",-,http://parks.seoul.go.kr/file/info/view.do?fIdx=1875,서울특별시 동작구 노량진로 191,02-820-1395,126.948636,37.5137049,
75,용왕산근린공원,옛 지도상에는 엄지산(嚴知山)으로 기록되어 있으며 엄지의 뜻은 순수한 우리말인 첫머리로 비교되기에 지형적으로 천호지(千戶地)벌에서 초입(初入)에 위치한 산으로 뒤편에 있는 마을을 두고 지금도 엄지미마을이라고 불려지고 있다. 용왕산의 또 다른 이름으로는 어느 때인가 확실한 시기는 알 수 없으나 박씨 성을 가진 사람이 죽어서 왕으로 환생하려다 뜻을 이루지 못하였다는 야사가 전해짐에 따라 그때부터 엄지산을 용왕산 왕령산 왕재산 등의 임금 '왕(王)'자가 포함된 산 이름으로 고쳐 부르게 되었다. 전설의 시기를 추정해 본다면 600년 전의 지도에 엄지산으로 표기되어 있는 것으로 보아 조선시대부터 유래되었던 것으로 볼 수 있다. 그밖에 산의 형태가 한양을 등지고 돌아앉아 있다하여 역산으로 불리어지기도 하였다. 현재는 체육공원시설이 마련되어 있으며 이 산 중턱에는 약수터와 목동 배수지가 있어 주민들의 산책길로 이용되고 있다.,"조깅코스, 어린이 놀이터 ","다목적구장, 실내배드민턴장, 게이트볼장, 각종 운동시설 ","용왕정, 약수터, 화장실 ",공원등 ,http://parks.seoul.go.kr/file/info/view.do?fIdx=1876,서울특별시 양천구 목동 199-51,02-2620-3574,126.8783125,37.5429593,
76,사직근린공원,조선 태조가 한양에 수도를 정하고 궁궐 종묘를 지을 때 함께 지은 사직단이 있는 곳으로 1921년 사직단 주변이 공원으로 조성되었다. 사직단은 태조3년(1394)에 고려의 예를 따라 토신을 제사하는 국사단을 동쪽에 곡신을 제사하는 국직단은 서쪽에 배치하고 신좌를 북쪽에 모셔 1년에 세번 제사를 지냈다. 구한말 마지막까지 남아 있었던 궁술연습장이었던 황학정은 건평 59㎡에 정면4칸 측면2칸에 팔작지붕이며 우측으로부터 2칸 추녀 밑에 황학정이라는 현판이 걸려 있다.,-,수영장 ,"사직단, 단군성전, 황학정, 어린이도서관, 종로시립도서관 ",-,http://parks.seoul.go.kr/file/info/view.do?fIdx=1877,서울특별시 종로구 사직로9길 5,02-2148-2836,126.9674018,37.5759864,
77,우장산근린공원,우장산은 강서구 중앙에 위치하여 도심 속에서 숲과 예술공간 체육시설 등이 조화롭게 어우러진 공원이다. 산 이름은 옛날 가뭄이 들었을 때 양천 현감이 기우제를 올린 데서 유래한다. 기우제는 세 번에 걸쳐 올렸는데 세 번째 기우제를 올리는 날에는 비가 쏟아지기 때문에 미리 비옷을 준비해 올라갔다 하여 우장산(雨裝山)이라 하였다 한다.  공원에는 두 개의 봉우리가 있는데 서울 정보 기능대학이 있는 봉우리를 원당산 새마을지도자탑이 있는 봉우리를 검두산(또는 검덕산 검지산 검둥)이라 불렸으나 지금은 모두 우장산이라 부른다. 그리고 자연생태가 다양한 탐방코스를 걸으며 숲해설가로부터 숲 속의 식물 곤충 동물 등 생태해설을 들으며 자연놀이도 즐길 수 있는 자연체험교실이 7월부터 12월까지 매월 둘째 주 토요일 오전 10시부터 12시까지 우장산에서 운영되고 있어 지역주민들로부터 많은 호응을 받고 있다. ,조각의 거리 ,"운동장(인조잔디구장, 조깅트랙), 테니스장, 트림코스장, 국궁장 ","강서구민회관, 서울정보기능대학, 야외무대 ",-,http://parks.seoul.go.kr/file/info/view.do?fIdx=1878,서울특별시 강서구 내발산동 산4-5,02-2600-4185,126.844932,37.5541932,
78,삼일근린공원,한국 최초의 여기자인 최흔희씨가 3?1운동 당시 여성 참가자는 '직접 일병의 총칼에 대결했던 홍안의 소녀들이 이제는 귀가 멀고 눈이 어둡고 허리가 굽은 할머니가 되었으나 나머지 기백을 다시 모아 망각속에서 사그라져 가는 그날의 분노와 저항을 되새기면서 쇠잔한 몸이지만 나머지 생애에서 무엇을 조국에 바칠 수 있을까'하는 마음으로 1967년 4월15일 동아일보에 '독립공원을 설립해야 한다'는 글을 투고하고 박정희 대통령에게 건의 하였다. 정부는 1967년 5월15일 공원을 지정하고 1989년부터 1990년까지 공원을 조성 현재에 이르고 있다.,"산책길, 놀이터 ",-,삼일공원비 ,-,http://parks.seoul.go.kr/file/info/view.do?fIdx=1879,서울특별시 동작구 사당동 산24-17,02-820-1384,126.9743686,37.4860183,
79,삼청근린공원,삼청공원은 1940년 3월 12일자로 공원으로 지정되었는데 당신 고시된 140개 도시계획공원중 제1호로 삼청동은 깊은 골안에 도교의 삼청전(三淸殿) 즉 소격전(昭格殿)이 있었던 연유로 인하여 내려 온것이라고도 하고 혹은 산 물과 그곳에 사는 사람이 맑아서 삼청동이 되었다고 하기도 한다. 삼청공원은 호젓한 산책로에 주위 경치가 좋아 많은 사람들이 오가는 곳으로 고려충신 정몽주와 그이 어머니의 시조비가 있으며 공원입구에서 산책로를 따라 계곡을 서서히 올라가면 삼청공원 약수터가 나온다. 예부터 이름난 약수터를 찾는 시민들의 발길이 아직도 끊일줄 모르고 오염되지 않는 맑은 물을 맛볼 수도 있다. 특히 공원주변에 오래된 벚꽃이 많아 매년 4월경 아름다운 벚꽃을 구경하려는 시민들이 꾸준히 늘고 있으며 공원내 배드민턴장 테니스장 어린이 놀이터 다목적 공터 및 매점 등이 있어 공원을 이용하는 시민들에게 편의를 제공해 주고 있다.,"어린이 놀이터, 다목적 공터 ","배드민턴장, 테니스장 ","삼청동문(암각), 매점 ",-,http://parks.seoul.go.kr/file/info/view.do?fIdx=1880,서울특별시 종로구 북촌로 134-1 (우) 03050,02-2148-2842,126.9842875,37.5895821,
80,인왕산도시자연공원,인왕산은 해발 338.2m로 화강암이 유난히 노출된 것이 특징이다 . 경북궁의 주산을 중심으로 인왕산은 서울 내사산(內四山)의 우백호에 해당되며 그안산(案山)인 남산은 능선이 매우 부드럽고 좌청룡인 동쪽의 낙산은 밋밋하고 얕은 지세이다 인왕산의 주봉은 둥글 넓적하면서도 남산같이 부드럽거나 단조롭지 않다. 또한 뾰족한 북악처럼 유달리 뛰어나지는 않지만 늠름한 남성적인 산세이다 인왕산은 불법의 수호신으로 사문(寺門) 또는 수미단 전면의 좌우에 안치하는 금강역사로서 둘 다 용맹하고 험악한 얼굴을 가지며 일명 이왕(二王) 또는 금강신(金剛神) 이라 한다. 이렇듯 인왕산은 불교와 밀접한 관계를 가지고 있다 인왕산에는 선바위를 비롯하여 바위의 형상이 실제의 사물과 유사한 기암괴석들로 가득하여 어느 때 올라 보아도 그때마다 느낌을 가질수 있는 명산이며 인왕산에 오르는 등산길로는 크게 8개노선의 중요 등산로가 있다. ,-,-,"인왕사, 선바위, 국사당, 인왕천, 만수천, 석굴암약수터 ",-,http://parks.seoul.go.kr/file/info/view.do?fIdx=1881,서울특별시 종로구 옥인동 산 3-1 ,02-2148-2832,126.9578438,37.5849001,
81,상도근린공원,상도공원의 주봉인 국사봉(國思峰)은 글자 그대로 양녕대군이 이 산에 올라 나라를 생각하고 임금을 걱정했기 때문에 붙여진 것이다. 양녕대군은 왕세자로서 스스로 실적을 저질러 폐세자가 되어 왕의 자리를 동생에게 물려준 뒤 대궐에서 쫓겨났지만 그는 형제 간에 우애가 지극하여 이 산에서 멀리 경복궁을 바라보며 나라와 세종의 일을 걱정했다고 한다.,산책로 ,"배드민턴장, 생활체육시설 ",약수터 ,-,http://parks.seoul.go.kr/file/info/view.do?fIdx=1882,서울특별시 동작구 성대로6사길 27-6(상도공원) ,02-820-1385,126.9385469,37.492299,
82,일자산근린공원,"일자산근린공원은 비교적 낮은 산지로 동고서저의 지형을 이루고 있으며 강동구 둔촌동과 하남시 초이동의 경계선에 위치하고 있다. 산 정상부가 기복이 거의 없이 일자(一字)처럼 생겨 일자산(一字山)이라는 이름이 붙었으며 정상에는 강동구가 서울에서 가장 먼저 해를 맞이하는 곳임을 상징하는 해맞이 광장이 위치하고 길동 배수지 위에는 2006년 허브와 천문을 테마로 한 허브천문공원이 조성되었다. 2008년 3월에는 잔디광장, X-게임장, 실외 농구장, 실내배드민턴장, 폭포 등이 조성되어 지역 주민들의 휴식공간으로 각광받고 있으며, 2024년 6월에는 천연목재를 사용한 복합놀이대 등 9종의 놀이시설을 도입한 자연정원놀이터를 조성하여 어린이의 감수성과 창의성을 극대화할 수 있도록 하였다. 일자산 내 길동생태공원은 도심 속에서 생태를 체험할 수 있는 공간을 제공하고 또한 둔굴에는 둔촌 이집 선생과 관련된 역사의 뿌리가 산재되어 있다.","산책로, X-게임장, 잔디광장, 인공폭포 ","실내배드민턴장, 실내체육관 ",-,-,http://parks.seoul.go.kr/file/info/view.do?fIdx=1883,서울특별시 강동구 동남로 660(일자산공원),02-3425-6447,127.1574587,37.5431657,
83,쌍문근린공원,쌍문공원은 북동?서의 북한산과 도봉산의 지맥이 합류하는 곳에 위치하여 주 능선이 동서로 축을 형성하며 구릉지로 되어 있다. 전반적으로 급경사이며 부지 남쪽 쌍문로 인접 부분에 완만한 지형을 이루고 있다. 세심천 청심천 약수터 2개소가 있으며 아까시나무 리기다소나무 밤나무 상수리나무 신갈나무 굴참나무 군락이 있다.   ,산책등산로 ,"테니스장, 배구장, 배드민턴장 ","정자, 약수터, 화장실, 문화센터 ",-,http://parks.seoul.go.kr/file/info/view.do?fIdx=1853,서울특별시 도봉구 쌍문동 산80,02-2091-3754,127.0271316,37.6531456,
84,수락산도시자연공원,수락산의 명칭은 내원암 일대 계곡에 바위가 벽을 이루고 있어 물이 굴러떨어지므로 수락이라 하였다는 설과 골짜기 물이 맑아 금류 은류 옥류라는 폭포를 이루어 떨어지는 자태에서 이름이 붙여졌다는 전설도 있으며 명당 기슭에는 선조의 생부인 덕흥대원군의 묘역과 흥국사 내원암 덕릉고개가 있으며 왕실의 지원으로 사찰들이 번창한 곳이다. 수락계곡지구 노원골 지구 동막골 지구로 세부 되어 있으며 수락계곡지구는 벽운 유원지와 연계하여 조성하고 기존의 약수터 야영장을 정비하여 인근 주민들의 휴식공간으로 활용하고 있고 동막골 지구는 서울시 최초 도심형 자연휴양림을 조성을 통해 도심속에서 자연을 충분히 누릴 수 있도록 쾌적하고 안전한 쉼터를 제공하고자 한다.,등산로 ,-,휴게시설 ,-,http://parks.seoul.go.kr/file/info/view.do?fIdx=1855,서울특별시 노원구 상계동 산3-1,02-2116-3966 ,127.0813633,37.699232,
85,송파나루근린공원(석촌호수),현재의 석촌호수 북쪽 잠실벌은 서호의 남쪽에 나룻터가 있던 한강이었으나 세월이 지남에 따라 토사가 쌓여 인공섬이 생기면서 광진교밑에서부터 잠실야구장까지 지금의 석촌호수를 지나는 송파강과 신천강을 이루는 샛강이 생기게 되었다. 1969년 한강본류의 하상 정비 개발에 착수하면서 이 강을 매립하였으나 일부는 호수로 남겨놓았고 1980년대초 호수를 정비하여 공원화하였다. 송파나루공원은 송파대로가 개통하면서 동서로 같은 모양의 동호 서호로 나누어져 있으며 호수와 공원으로 조성된 이상적인 형태의 공원으로 조깅코스 및 산책로가 설치되어 있어 시민들의 휴식공간으로 널리 이용되고 있다. 서호에는 서울놀이마당 및 롯데월드의 매직아일랜드가 설치되어 있다.,석촌호수 ,-,"휴게소, 서울놀이마당, 매직아일랜드 ",-,http://parks.seoul.go.kr/file/info/view.do?fIdx=1856,서울특별시 송파구 잠실로 148 (잠실동) ,02-400-3595,127.0983002,37.5069328,
86,선유도근린공원,양화대교 중간에 위치한 선유도공원은 과거의 정수장 건축구조물을 재활용하여 국내 최초로 조성된 환경재생 생태공원이자 “물(水)의 공원”입니다. 선유도일대 11만㎡의 부지에 기존건물과 어우러진 수질정화원 수생식물원환경물놀이터 등 다양한 수생식물과 생태숲을 감상할 수 있고 선유도이야기관와 시간의정원 등 다양한 볼거리와 휴식공간을 통해 생태교육과 자연체험의 장을 제공하고있습니다.  ,"녹색기둥의 정원, 시간의 정원, 수질정화원, 수생식물원 ",-,"선유정, 네개의 원형공간, 카페테리아나루, 선유교 전망데크 ",-,http://parks.seoul.go.kr/file/info/view.do?fIdx=1857,서울특별시 영등포구 선유로 343 (당산동 1) 선유도공원관리사무소,02-2631-9367,126.90014,37.543418,http://parks.seoul.go.kr/template/sub/seonyudo.do
87,손기정체육공원,"손기정체육공원은 손기정 선수가 1936년 독일 베를린 올림픽 마라톤에서 금메달을 딴 것을 기념하기 위해 출신학교인 양정 중고등학교를 이전한 후 만든 체육공원이다. 1987년 9월 조성되었는데 2020년에 러닝을 중심으로 하는 다채로운 문화 체육 공간으로 재탄생했다. 큰 공간을 차지하며 축구장으로 이용되던 운동장을 마라톤과 보행이 가능한 트랙으로 조성해서 걷고 뛰기가 모두 가능하도록 했다. 손기정체육공원에는 러닝트랙, 다목적운동장, 어린이 도서관, 어린이 놀이터, 게이트볼장 등의 시설이 시설이 갖추어져 있고 이 밖에도 러닝센터와 손기정 기념관이 있다.",어린이놀이터 ,"테니스장, 게이트볼장 ","손기정기념관, 문화도서관, 화장실 ",-,https://parks.seoul.go.kr/file/info/view.do?fIdx=229885,서울특별시 중구 손기정로 101 ,02-3396-5854,126.9652702,37.5560189,
88,성북근린공원,돈암동 성북동 일대에 걸쳐 있고 북악산길과 성북구민회관 성북여성회관 고밀도 아파트 단지 등에 인접하여 있다. 정상부에서 남측으로 서울 시내 전체 조망이 가능하며 북동측으로 정릉과 도봉산의 경관을 조망할 수 있고 북악스카이웨이 변을 따라 있는 수영장과‘곰의집’음식점은 인공식재한 향나무와 송림으로 꾸며진 공간으로 휴게장소로서 아늑한 분위기를 연출하고 있다.,"생태연못, 휴게광장, 바닥분수 ",-,"전망대, 나무집, 야외학습장 ",-,http://parks.seoul.go.kr/file/info/view.do?fIdx=1859,서울특별시 성북구 돈암동 616-1055,02-2241-3683,127.0078625,37.5948509,
89,봉제산공원,산이름은 봉제산으로 산을 위에서 내려다보면 마치 학이 알을 품고 앉아 있는 형국이라 하여 붙여졌고 주봉을 매봉이라 부른다. 이외에도 능동산 매봉산 수당산 화곡산이라고도 불렸으며 능동산이란 이름은 1760년대 해동지도 채색 필사본에 표기되어있다. 매봉산은 주 봉우리 이름에서 유래되었고 수당산은 서낭당이 있어 마을의 안녕과 무병장수를 기원한 것에서 유래되었으며 1967년 이후에는 화곡산이라 불렸다. 공원 이름은 당초 등촌동 백석중학교와 등촌 초등학교 근방에서 과거에 흰 돌이 난다하여 백석(白石)이라 불리다가 2004년 공원 명칭이 생소하다는 여론이 있어 산이름인 ‘봉제산’으로 알기 쉽게 변경되었다. 법성사 용문사 사찰과 배드민턴 약수터가 있으며 울창한 산림과 산책로가 잘 조성되어 있다.,-,배드민턴장 ,"법성사, 용문사, 약수터 ",-,http://parks.seoul.go.kr/file/info/view.do?fIdx=1470,서울특별시 강서구 화곡동 산41-6,02-2600-4184,126.8517836,37.5421979,
90,서울창포원,서울 강북의 끝자락인 도봉산과 수락산 사이에 세계 4대 꽃 중 하나로 꼽히는 붓꽃이 가득한 특수 식물원인 서울창포원은 약 1만 6천 평에 붓꽃원 약용식물원 습지원 등 12개 테마로 구분 조성되었습니다. 붓꽃원에는 노랑꽃창포 부처 붓꽃 타레붓꽃 범부채 등 '붓'모양의 꽃봉오리로 된 붓꽃류 130여 종의 다양한 붓꽃 30만 본을 심어 붓꽃의 아름다움을 감상할 수 있습니다. 또한 약용식물원에서는 우리나라에서 생산되는 약용식물의 대부분을 한자리에서 관찰할 수 있으며 습지원에서는 각종 수생식물과 습지생물들을 관찰할 수 있도록 관찰덱이 설치되어 있습니다. 초화원에는 꽃 나리 튤립 등 화려한 꽃들이 계절별로 피어납니다.,"붓꽃원, 약용식물원, 수변식물원초화원 ",-,방문자센터 ,-,http://parks.seoul.go.kr/file/info/view.do?fIdx=1471,서울특별시 도봉구 마들로 916(서울창포원) ,02-954-0031,127.047938,37.689585,http://parks.seoul.go.kr/template/sub/irisgarden.do
91,북서울꿈의숲,서울 강북과 도봉 등 6개구에 둘러싸여 있는 초대형 공원인 '북서울꿈의숲'은 과거 드림랜드가 있던 자리 66만여㎡에 조성된 녹지공원으로 월드컵공원과 올림픽공원 서울숲에 이어 서울에서 4번째로 큰 공원입니다. 숲이 울창해 아름다운 풍광을 자랑하는 벽오산 오패산으로 둘러싸여 있는 '북서울꿈의숲'은 벚꽃길과 단풍숲 등의 생태적 조경공간 대형연못인 월영지와 월광폭포 등의 전통경관 그리고 북한산과 도봉산 수락산을 한눈에 볼 수 있는 49.7미터의 전망대와 다양한 장르의 고품격 문화예술이 일년 내내 펼쳐지는 '꿈의숲아트센터'등의 공연장과 전시장 레스토랑 전망타워 등이 있는 서울을 대표하는 세계적인 공원입니다.,"청운답원, 월영지, 월광폭포, 단풍숲, 초화원, 사슴동산, 칠폭지, 볼플라자, 산책로, 쉼터, 데크, 계류, 옥상녹화 ",-,"방문자센터, 전망대, 공연장, 미술관, 창녕위궁재서, 주차장, 레스토랑, 카페 ","태양광발전시설, 경사형엘리베이터, Open스튜디오 ",http://parks.seoul.go.kr/file/info/view.do?fIdx=1472,서울특별시 강북구 월계로 173,02-2289-4000,127.0407344,37.6233355,http://parks.seoul.go.kr/template/sub/dreamforest.do
92,서서울호수공원,2009년 10월 개장한 서서울호수공원은 양천구 신월동에 위치한 옛 신월정수장을 공원 조성 사업을 통해 '물'과 '재생'을 테마로 한 친환경공원입니다. 1959년 김포 정수장으로 처음 문을 연 것을 50년 만에 시민의 쉼터로 멋지게 새 단장을 하여 공원으로 개방하였습니다. 이후 청소년 유스타운 건립 임대주택 건립 영어체험마을 건립 등 다양한 개발계획이 거론되었으나 2006년경 서울의 지역 간 불균형을 해소하고 서남권의 대표적인 테마공원을 만들어 지역 활성화의 발판을 삼고자 최종적으로 공원을 조성하기로 결정되었습니다. 또한 부천시와 경계를 이루는 능골산 또한 건강한 숲으로 복원하고 등산로를 정비하여 함께 공원으로 조성하여 여의도공원 양재 시민의 숲에 버금가는 규모를 자랑하며 서남권 최대 규모의 테마공원으로 다시 태어났습니다.,"소리분수, 미디어벽천, 실개천, 건천(계류시설) ","축구장, 농구장, 배드민턴장, 철봉 등 운동 ","백인의 식탁, 음수전 ",-,http://parks.seoul.go.kr/file/info/view.do?fIdx=1473,서울특별시 양천구 남부순환로64길 20 (신월동),02-2604-3004 ,126.8304789,37.5278392,http://parks.seoul.go.kr/template/sub/lakepark.do
93,중랑캠핑숲,"개발제한구역 내 비닐하우스 등으로 훼손된 곳을 복원하여 학생소풍 및 가족단위 피크닉을 주제로 한 체험형 공원입니다. 인위적 시설을 최소화하였으며 건강한 숲을 주제로 한 생태학습 공원으로 휴양과 청소년 문화, 다양한 조경시설 등으로 남녀노소 모두에게 열려있는 자연 속 편안한 휴식처로서 각광받고 있는 공원입니다.","분수연못, 테라스연못, 계류, 건천, 잔디광장, 산책로, 등산로, 녹지 ",캠핑장 내 운동시설 ,"캠핑장, 청소년독서실, 청소년커뮤니티센터, 생태학습존, 청소년문화존, 관리사무소, 스파, 화장실, 매점, 주차장 ","공원등, 보안등 ",http://parks.seoul.go.kr/file/info/view.do?fIdx=1474,서울특별시 중랑구 송림길 160(중랑캠핑숲)/중랑구 망우동 74(청소년체험의숲),02-435-7168~9,127.1093075,37.6049896,http://parks.seoul.go.kr/template/sub/JungnangCampGround.do
94,솔밭근린공원,"2004. 1월 개원한 솔밭공원은 34,955㎡의 부지에 주민들을 위한 각종 조경ㆍ문화ㆍ운동시설을 갖춘 도심 속 쉼터이자 인근 주민들의 산책로로 각광 받고 있다. 이 곳은 자생하고 있는 소나무를 최대한 보존한 가운데 조경시설, 운동시설, 휴식시설, 야외무대, 문화시설 등을 갖추어 시민들을 위한 생태문화공원으로 꾸며져 있다. 솔밭공원은 복잡한 도심의 일상에 지친 시민들이 즐겨 찾는 서울의 새로운 명소이다. ","생태연못, 그늘시렁, 산책로, 데크광장, 어린이놀이터, 바닥분수 ","배드민턴장, 운동시설 ","야외무대, 놀이마당, 조형물, 장기바둑쉼터, 화장실, 음수대 ","관리사무소, 공원등, 안내표지판, 반려동물 산책로 ",http://parks.seoul.go.kr/file/info/view.do?fIdx=1526,서울특별시 강북구 우이동 80번지 일대,02-901-6953,127.0116241,37.652331,
95,금천체육공원(관악산),"금천체육공원은 체육시설이 잘 갖추어진 공원으로 지역 주민들의 건강에 많은 도움을 주고 있으며, 다목적운동장과 농구장, 배드민턴장, 맨발지압로, 황톳길, 야외운동기구 등이 갖추어져 있다. 2024년에 새로 조성된 전망대는 금천을 상징하는 GC 조형물과 소나무가 어우러진 포토 스폿으로, 도심과 자연경관을 한 눈에 조망할 수 있다.","목재데크길, 조합놀이대, 황톳길, 지압로 ","다목적운동장, 농구장, 배드민턴장, 야외운동기구 ","전망대, 간이무대 ",-,http://parks.seoul.go.kr/file/info/view.do?fIdx=1527,서울특별시 금천구 독산동 산118-4 일대 (금천체육공원),02-2627-1655,126.908681,37.468164,
96,금천폭포근린공원,서울시 서남부에 위치하여 경기도에서 서울도심으로 진입하는 관문 성격의 교통 요충지로 박미고개길의 자연 지형을 이용하여 경사면에 인공폭포를 조성하고 상부는 문화회관과 공원시설을 하부는 연못 형태의 수조가 있으며 인공폭포는 시계지역을 지나는 차량과 사람들에게 청량감을 심어주고 랜드마크적인 요소를 강하게 부각시켜 보행자 뿐아니라 운전자에게 도심지로 진압하는 관문으로 인식시키고 문화회관 및 휴게공간은 지역 주민들에게 생활권 거점 공원으로 이용되고 있다.,인공폭포 ,-,"문화회관, 공원시설, 전망대 ",-,http://parks.seoul.go.kr/file/info/view.do?fIdx=1528,서울특별시 금천구 시흥대로38길 61(시흥동 937-2),02-2627-1657 ,126.9040127,37.4468663,
97,만수천공원(관악산),자연생태 체험교실 숲에서 놀자!! 등 자연체험 프로그램이 진행되는 생태연못(습지) 미네랄이 함유된 약수터 운동 공간인 배드민턴장 2개소와 휄스형 체육시설 에어로빅 등 생활체육 프로그램이 운영되는 다목적 광장 또한 산벚나무 복자기 노루오줌 옥잠화 등 다양한 수목과 야생초화가 식재되어 있어 금천구민들이 휴식 및 운동공간으로 즐겨 찾는 도심속의 공원임.,다목적 광장 ,"생활체육시설, 독산테니스장, 배드민턴장 ","정자, 화장실, 만수천 약수터 ",-,http://parks.seoul.go.kr/file/info/view.do?fIdx=1529,서울특별시 금천구 독산동 산8 일대,02-2627-1662,126.9090028,37.4734274,
98,발바닥공원,면적 1만 5520㎡의 도봉구 발바닥공원은 마른하천인 방학천을 따라 방학3동 270-1번지 일대에 조성된 생태공원이다. 1960년대 중반 형성되기 시작한 무허가 판자촌 130여동을 헐어내고 4년여간의 공사 끝에 2002년 5월 문을 열었다. 쓰레기와 오물 악취가 풍기는 기피 장소였던 방학천 일대가 구민들의 사랑을 독차지하는 쉼터로 재탄생하게 된 것이다. 왜 하필 발바닥 공원일까. 지저분한 판자촌에서 녹색 공원으로 변신한 운명과 닮아서다. 평소 하찮게 여기다 최근 중요성을 인정받고 있는 우리몸의 발바닥과 비슷하다고 해서 붙여졌다. 문을 연지 10년이 지난 지금 발바닥공원은 연산군묘 도봉산 옹기민속박물관 등과 어깨를 나란히 하며 도봉구 10대 명소로 꼽히고 있다.,"산책로, 관상용식수대, 그늘시렁, 연못, 지압보도 ",체력단련시설 ,"정자, 화장실, 도봉환경교실 ",-,http://parks.seoul.go.kr/file/info/view.do?fIdx=1530,서울특별시 도봉구 시루봉로6길 33,02-2091-3772,127.031982,37.6597135,
99,월천근린공원,창동 주공18단지와 19단지 사이에 위치한 공원으로 1980년도 창동 일대가 아파트 단지로 개발되면서 기부채납되어 조성된 근린공원이다.,"산책로, 관상용식수대, 그늘시렁, 연못, 그네, 미끄럼틀, 시소, 조합놀이대 ","배드민턴장, 체력단련시설 ","정자, 장의자, 화장실, 음수대 ","공원등, 안내판 ",http://parks.seoul.go.kr/file/info/view.do?fIdx=1531,서울특별시 도봉구 창동 28번지,02-2091-3756,127.0509895,37.6473889,
100,용두근린공원,동대문구내 근린공원부지 하부를 활용 폐기물 처리시설로 설치?운영하는 계획에 따라 상부를 공원으로 활용 주변 여건과 조화로운 친환경적인 공원을 조성하여 지역주민을 위한 휴게 문화 운동 등 다양한 옥외 활동 및 정서함양을 위한 장을 마련하는 공간,"연못, 분수, 그늘시렁, 도로, 진입광장, 휴게광장 ",-,"음수대, 휴게소, 야외전시장, 스마트쉼터 ","공원안내판, 관리동 ",http://parks.seoul.go.kr/file/info/view.do?fIdx=1532,서울특별시 동대문구 용두동 34-1번지 일대,02-2127-4775,127.0390042,37.5732791,
101,상암근린공원,상암근린공원은 15000세대 43000명 거주 규모로 사업시행중인 상암택지개발지구 중심에 위치하고 있어 접근성이 편리하고 이용인구가 많으며 2000. 9. 27자로 공원조성 완료되어 산책로 생태연못 관리사무소 화장실 등 기반시설이 잘 갖추어져 있습니다. 광장과 상암산 및 기 조성된 기반시설이 한곳에 모여 있어 이용동선이 짧고 생태연못을 활용한 수생동식물 관찰 등 생태학습프로그램을 운영하고 있습니다. 관리사무소 내에는 유모차대여소 모유수유소가 설치되어 있으며 여성이 산책하기 편리하고 CCTV 비상벨 등이 설치되어 있어 2010년 하반기 ‘여행(女幸)공원’으로 지정되었습니다.,"생태연못, 생태습지, 암석원, 그늘시렁 ",운동기구 ,"정자, 화장실, 연식의자, 모유수유실, 유모차대여소 ","종합안내판, 공원등, 관리사무소 ",http://parks.seoul.go.kr/file/info/view.do?fIdx=1533,서울특별시 마포구 상암동 1761,02-3153-9553,126.8859012,37.5760106,
102,와우근린공원,마포팔경 중에 하나(우산목적:牛山牧笛일-와우산에 은은히 들려오는 목동들의 피리소리)인 와우산은 소가 누워있는 모양으로 풍수지리설에 의하면 예전에 큰 소가 길마는 무악에다 벗어놓고 굴레는 북아현동 163번지 남쪽 네거리에 벗은 다음 여물통은 하수동 132-2번지 앞에 두고 서강을 향하여 내려가다가 누워서 뿔은 서강초등학교 자리 머리부분은 서강시민아파트 엉덩이는 와우시민아파트 자리에 있었던 데서 유래되었다 한다 와우배수지 상부에 다양한 시설을 갖춘 체육공원에서 가족단위의 운동을 즐길 수 있으며 체육공원 뒤로 자연적인 숲을 따라 산책하면 약수터를 지나 자연학습관찰원으로 이어져 휴식과 체력단련을 동시에 즐길 수 있다.,"조깅트랙, 지압보도, 광장 ","배드민턴장, 농구장, 체력단련장 ",약수터 ,-,http://parks.seoul.go.kr/file/info/view.do?fIdx=1534,서울특별시 마포구 창전동 3-193번지 일대(홍익대 뒷산),02-3153-9553,126.9289936,37.5517298,
103,금호근린공원,지형의 단차를 이용하여 조성된 공원으로 하층부에는 체육관이 조성되어 있고 건물의 옥상층과 상층부 공원부지를 연결하여 한정된 지형을 입체적으로 활용한 공원이다. 공원 하층부 다목적 체육관은 연면적 660.33㎡ 지상2층 규모로 화장실 탈의실 샤워실 등의 부속시설을 설치하여 이용 주민들에게 편익을 제공하고 있으며 상층부 공원부지에는 중앙광장 휴게공간 운동공간 전망데크 등의 설치로 멀리 한강을 전망하고 자연관찰 운동 등 지역 주민의 여가생활과 커뮤니티장으로 제공되고 있다. ,그늘시렁 ,운동시설물 ,"체육관, 경로당, 청소년 문화회관, 어린이집, 음수대, 평의자, 의자 ","공원등, 종합안내간판 ",http://parks.seoul.go.kr/file/info/view.do?fIdx=1535,서울특별시 성동구 장터1길 18,02-2286-5655,127.0189457,37.5494726,
104,달맞이근린공원,달맞이공원은 옥수동 미타사와 현대아파트가 있는 뒷산으로 예전부터 정월 보름에 주민들이 이곳에 올라가 달을 맞이하였다하여 붙여진 이름이며 한강변에 우뚝선 바위산으로 한강을 가깝게 바라볼 수 있다.  영화 'ing'의 촬영지로도 유명하지만 뚝섬부터 한남대교가 내려다 보이는 야경이 일품인 곳이다.,어린이놀이터 ,배드민턴장 ,"경로당, 화장실, 음수대 ",공원등 ,http://parks.seoul.go.kr/file/info/view.do?fIdx=1536,서울특별시 성동구 옥수동 산1-1,02-2286-5655,127.0212054,37.543564,
105,문정근린공원,1993년 부곡~도농간 철도계획의 취소로 미정비된 상태로 이용되었던 철도부지를 2004년~2009년까지 점차 공원으로 조성하여 송파구 도심내 거점녹지축 및 시민의 건전한 휴식공간으로 조성,"바닥분수, 초가정자, 사각정자, 휴게벤치, 경화토포장로, 마사토산책로 ",-,-,-,http://parks.seoul.go.kr/file/info/view.do?fIdx=1537,서울특별시 송파구 문정동 18-4,02-400-0978,127.1275819,37.4862156,
106,문화예술공원,매헌시민의숲 제3구역에 조성된 문화예술공원은 1993년 3월에 착공하여 1994년 10월에 완공된 공원으로 연간 14만여명이 이용하는 도심속의 소중한 녹지공간이다. 공원 중앙에 위치한 잔디광장(3500㎡)에서는 많은 시민들이 피크닉 등을 즐기는 여가선용 및 휴식 장소로 이용하고 있으며 양재천으로 이어지는 길을 따라 각종 레포츠 및 달리기 등을 할 수 있다.,"놀이마당, 중앙광장, 잔디광장, 원두막, 모래놀이터 ",-,"야외무대, 조각작품 ",-,http://parks.seoul.go.kr/file/info/view.do?fIdx=1539,서울특별시 서초구 바우뫼로12길 40 (양재동),02-2155-6865,127.030517,37.467654,
107,세종로공원,우리나라의 중심인 세종로 가로(경복궁-광화문-세종문화회관-청계천-서울광장)에 조성된 녹지공간으로 노후되고 폐쇄되어 시민 이용에 한계가 있던 곳을 광화문광장과 연계하여 개방형공원으로 탈바꿈하여 새로운 시민소통의 공간으로 마련하였다. ,"상징광장, 한글글자마당 ",-,"야외무대, 매점, 디자인파라솔, 야외테이블 ",조선시대 사헌부 및 병조터 흔적복원 ,http://parks.seoul.go.kr/file/info/view.do?fIdx=1698,서울특별시 종로구 세종대로 189 (우) 03172,02-2148-2843 ,126.9758875,37.5735,
108,샘말공원(관악산근린공원 샘말지구),"신림동 고시촌으로 알려진, 관악구 대학동 관악산 끝자락에 무단경작과 쓰레기로 방치되어 있던 사유지를 보상하여 시민들이 이용할 수 있게 2009년에 동네뒷산공원화사업을 통해 조성한 공원으로, 예부터 물이 많이 나와 샘터가 있고 샘말이라고 불리웠던 사실에 입각해 샘말공원이라는 이름이 명명되었다.  ","황톳길, 바닥분수, 어린이놀이시설 ",생활체육시설 ,"음수대, 화장실, 세족대, 휴게시설, 유아숲체험원 ",-,http://parks.seoul.go.kr/file/info/view.do?fIdx=1699,서울특별시 관악구 대학동 산63-1일대 샘말공원,02-879-6525,126.938511,37.4642128,
109,초안산생태공원,당초 골프연습장을 조성할 계획으로 임야를 훼손하고 건축공사를 하던 도중 10여년 넘는 지역주민들의 끈질긴 노력으로 계획을변경하여 생태공원으로 조성하였다. 이곳은 다른 공원과 달리 시설물은 최소화하였으며 녹지를 최대한 많이 확보하였고 과거 원지반이었던 암반을 공원시설로 노출시켜 조성한 것이 특징이다.,"잔디광장, 계류, 생태연못, 녹지대, 조합놀이대, 시소, 그네, 산책로, 중앙진입로 ",생활체육시설 ,음수대 ,"CCTV, 공원등, 공원안내판 ",http://parks.seoul.go.kr/file/info/view.do?fIdx=1708,서울특별시 도봉구 창동 산24,02-2091-3754,127.0405382,37.6479483,
110,푸른수목원,서울의 서남쪽 구로구의 끝자락에 위치한 푸른수목원은 서울시 최초로 조성되는 시립수목원으로 교육프로그램과 친환경관리의 중심인 “생태의섬(Eco-Island)”입니다. 구로구 항동일대 10만3천㎡의 부지에 기존 항동저수지와 어울려 푸른뜨락 내음두루 한울터 돌티나라 등 2100여종의 다양한 식물과 25개 테마원을 감상할 수 있고 작은도서관(북카페)와 숲교육센터 등 교육컨텐츠의 활용을 통해 가드닝프로그램(Gardening Program)과 생태학습의 장을 제공하고 있습니다. ,"항동저수지, 잔디마당, 주제정원 ",-,"KB숲교육센터, 편의시설 ",-,http://parks.seoul.go.kr/file/info/view.do?fIdx=1718,서울특별시 구로구 서해안로 2117(항동81-1) 푸른수목원관리사무소,02-2686-3200,126.82407,37.483029,http://parks.seoul.go.kr/template/sub/pureun.do
111,서오능도시자연공원,꾀꼬리가 많이 살기 때문에 앵봉산이라는 이름을 얻은 서오릉도시자연공원은 구파발 통일로변에서 서오릉로까지 남북으로 길게 발달하여 진관동 갈현1?2동을 아우르고 있는 산이다. 면적은 1082847㎡로 은평구에서는 두 번째로 넓은 산이지만 높이는 해발 235m로 가장 높다. 주능선이 경기도 고양시 동산동?용두동과 경계를 이루며 사적지인 서오릉은 앵봉산의 서남쪽 자락에 자리 잡고 있다. 이 공원의 구파발 탑골 쪽은 현재 은평구에서 운영하는 ‘숲속여행’ 코스로 선정되어 4월부터 11월까지 매월 2?4번째 토요일과 1?3번째 일요일에 숲체험리더와 함께하는 숲속여행프로그램을 진행하고 있어 원하는 시민들은 누구나 참여할 수 있다.  앵봉산에 군락을 형성한 서어나무는 온대림 숲의 마지막 천이단계에 나타나는 나무로 중부지방에서는 광릉 숲 다음으로 유명하고 탑골 약수터 부근의 시무나무와 주능선에 자라는 쪽동백나무는 은평구 산 중 유일하게 이곳에서만 볼 수 있는 나무다. 주요시설로는 운동?편익시설 170점이 설치되어 있고 나무 107종(큰키나무 41종 중간키나무 12종 작은키나무 41종 덩굴나무 13종)이 자연림으로 자라고 있다.,"산책로(둘레길), 탑골생태공원 ",운동시설 ,유아숲체험장 ,-,http://parks.seoul.go.kr/file/info/view.do?fIdx=1726,서울특별시 은평구 구파발동 갈현동 진관내동,02-351-8003,126.9134338,37.6374823,
112,청계산도시자연공원,"산에서 흘러내리는 물이 맑아 청계라는 이름이 붙은 것이라고 짐작될 뿐 청계산에 대한 기록은 확인되지 않는다‘. 과천읍지’(1899) 산천조에는 청룡산이라고 쓰고 있는데 이는 관악산을 백호산이라고 부른데 대하여 청계산이 좌청룡에 해당된다는 풍수설에 따라 청룡산이라 부른것으로 짐작된다. 청계산 북동쪽 기슭은 선사시대 주민들의 생활근거지로 청동기시대의 유적인 고인돌이 산재해 있으며 고려 멸망 후 이색 길재 조윤 등 고려 유신들이 은거했던 곳이다. 청계산의 주봉을 망경대라 부르는데 이는 고려가 망한 뒤 고려 유신 조윤이 청계산 정상에서 송도를 바라보며 세월의 허망함을 달랬다는데서 유래하고 조선 말기에는 추사 김정희가 긴 유배생활에서 돌아와 부친의 여막을 지키면서 살았던 곳이다. 청계산은 서울특별시와 경기도 성남시, 과천시, 의왕시의 경계에 위치해 있으며 과천에서 동남쪽으로 5km 안양에서 동쪽으로 12km 서울에서 18km의 거리를 두고 있다. 전체 면적은 약 3.7㎢로 매봉을 중심으로 서쪽은 경기도 동쪽은 서울특별시로 구분된다. 산세는 서남쪽으로 의왕시에 소재한 백운산, 모락산, 오봉산으로 뻗쳐 있고 서북쪽으로 과천시 옥녀봉 자락과 이어져 대체로 남북 방향으로 자리하고있다. 청계산은 국사봉(540m) 망경대(600m) 매봉(583m) 및 옥녀봉(375m)을 이어 남북으로 달리는 능선과 국사봉을 정점으로 하여 동서방향으로 달리는 능선이 만나 T자형 능선을 이루고 있고 계곡은 이와 같은 T자형 능선을 기점으로 하여 동서방향과 남쪽방향으로 발달해 있다.",파고라 ,-,"정자, 약수터, 화장실 ",-,http://parks.seoul.go.kr/file/info/view.do?fIdx=1736,서울특별시 서초구 원지동 산 33,02-2155-6869,127.0424726,37.4224347,
113,개화근린공원,개화산의 원래 이름은 주룡산(駐龍山)으로 신라시대 주룡이라는 한 도인이 산에 살면서 매년 9월 9일에 동자 두세 명과 더불어 높은 곳에 올라가 술을 마시며 구일용산음(九日龍山飮)이라하여 주룡산이라 불리었다. 도인이 돌아간 후에 그 자리에는 이상한 꽃 한 송이가 피어나 이를 두고 사람들은 ‘개화산(開花山)’ 이라 불렀다 한다.  개화공원은 한강이 내려다보이는 숲이 울창한 공원으로 약사사와 미타사 2개의 사찰이 있고 특히 약사사의 석불과 3층 석탑은 서울시 유형문화재로 지정된 귀중한 문화재이며 미타사 옆에는 한국전쟁시 장렬히 산화한 호국 영령을 추모하는 호국충혼 위령비가 있고 약수터 3개소와 한강을 굽어보는 울창한 산림이 잘 보존된 곳이다.,-,운동시설 ,"약사사, 약사사 3층석탑, 미타사, 약수터, 6?25전사자위령탑 ",-,http://parks.seoul.go.kr/file/info/view.do?fIdx=1730,서울특별시 강서구 개화동 산17,02-2600-4183,126.8068278,37.5813917,
114,아차산공원,서울특별시에서 공원녹지 확충 5개년 계획에 따라 조성된 아차산공원은 시민과 학생들에게 자연을 접할 수 있는 기회와 자연생태계 학습장 및 체험공간을 제공하고 있습니다. 또한 도시생태계의 생물 다양성을 증진시키고 시민들에게 건강하고 건전한 녹지공간의 쉼터를 제공함으로써 도시환경의 질적 향상에 기여하고 있습니다.,"어울림광장, 어울림정원, 습지원, 맨발길 ",-,"여가센터, 약수터 ",-,http://parks.seoul.go.kr/file/info/view.do?fIdx=1731,서울특별시 광진구 광장동 370,02-450-1395,127.1010031,37.5517142,
115,인능산도시자연공원,인릉산이라는 이름은 북쪽에 위치한 순조의 능인 인릉의 조산으로 나와 있기 때문에 붙여졌다. 인릉산은 서울특별시 서초구와 경기도 성남시에 걸쳐 동서향으로 뻗어 내린 산으로 해발 327m이며 자연 그대로의 울창한 산림을 가지고 있어 호젓한 산행을 즐길 수 있는 산이다.,-,-,"옹달샘, 헬기장 ",-,http://parks.seoul.go.kr/file/info/view.do?fIdx=1732,서울특별시 서초구 내곡동 산12-404,02-2155-6873,127.0666632,37.4482109,
116,구룡산도시자연공원,구룡산은 대모산과 하나의 줄기를 가진 산으로 서초구와 강남구 경계에 걸쳐 있으며 두 산은 1971년 대모산 도시자연공원으로 지정되어 관리되어 오고 있다. 높이 306m의 산으로 높거나 험하지 않아 부담없이 하는 산행코스로는 제격입니다.,-,-,"국수봉 전망대, 율암약수터 ",-,http://parks.seoul.go.kr/file/info/view.do?fIdx=1733,서울특별시 서초구 염곡동 산25-1,02-2155-6873,127.061567,37.4689473,
117,우면산도시자연공원,"서초구 서초동, 방배동, 우면동, 양재동의 경계를 이루는 산으로 산모양이 소가 졸고 있는 모양이라 하여 붙여진 이름이다. 일부 지역에 대하여는 갓바위가 있는 산이라 하여‘관암산(冠岩山)’ 산이 도마와 같이 생겨서‘도마산’ 옛날에 활을 쏘던 사정이 있던 곳으로‘사정산(射亭山)’수정이 채굴되었다 하여‘수정봉(水晶峰)’등이 있다. 산높이는 293m로 서울 서초구와 과천시의 경계에 위치하며 산행코스가 짧고 힘든 코스가 많지 않아 주말 및 새벽 산행 코스로 적합하며 여러 계곡에서는 맑은 옹달샘이 끊임없이 흘러나오고 있으며 울창한 삼림으로 다양한 동?식물군이 서식하고 있다. 산책로 및 등산로가 태극 범바위 산골약수터 등 20여개소의 약수터와 대성사 예술의 전당 등 문화유적과 사찰 문화공간이 연접되어 있어 아늑한 휴식처를 제공하고 있다.",-,-,"약수터, 정자, 화장실 ",-,http://parks.seoul.go.kr/file/info/view.do?fIdx=1673,서울특별시 서초구 우면동 산35-1,02-2155-6883,127.0091324,37.470484,
118,향림근린공원,갈현근린공원은 연서로를 사이에 두고 은평경찰서에서 통일로의 박석고개까지 연결된 제1구역과 은평경찰서 맞은편에서 불광중학교 뒷산을 거쳐 북한산국립공원 매표소까지 연결된 제2구역으로 나뉜다. 제1구역은 북쪽산자락에 구립체육센터와 축구장이 자리잡고 남쪽 자락에는 세명컴퓨터 고등학교와 연천중학교가 있다. 불광 2?3동과 진관동을 아우르는 갈현근린공원은 면적이 147859㎡이며 높이는 해발 123m이다. 은평구를 대표하는 체육공원인 갈현근린공원의 주요시설은 구민체육센터와 축구장 테니스장 외에 기타 운동?3편익시설 70점이 설치되어 있다. 나무는 93종(큰키나무 36종 중간키나무 10종 작은키나무 34종 덩굴나무 13종)이 자라고 있으며 약재로 많이 쓰여 서양에서 약상자라는 별명을 갖고 있는 미국딱총나무가 특히 제1구역에 많이 퍼져있다. ,산책로 ,"구민체육센터, 다목적체육관, 축구장 ",-,-,http://parks.seoul.go.kr/file/info/view.do?fIdx=1734,서울특별시 은평구 진관동 산55,02-351-8002,126.9240693,37.6293824,
119,신사근린공원,남으로는 봉산공원 매봉산 월드컵공원이 위치하고 동으로는 진관?갈현공원 북한산과 연결된 서울의 서북단의 외곽녹지를 형성하고 있는 공원이다. 주능선이 남북으로 길게 발달해 있고 가장 높은 봉우리가 270m로 비교적 높지 않은 경사가 완만한 산이며 주택가 생활권 주변으로 등산로가 발달되어 많은 주민들이 즐겨 이용하고 있는 산중의 하나다. 이곳에는 조선왕조의 왕후의 묘(창능 명능 익능 홍능 경능)가 위치한 서오능이 연접해 있고 상수리?굴참?신갈나무 등 참나무류와 소나무림이 군집해 있다. 특히 서울도심에서 보기 어려운 극상 수종인 서어나무 군집지가 분포하고 있는 등 양호한 생태환경이 보전되어 있는 산으로 현재 은평구에서 역사와 문화 자연생태를 배우고 체험하는 앵봉산 숲속여행지로 이용하고 있다. 서식 식물은 총 77여종이며 조류의 경우 총 6목 18과 29종(텃새20종) 겨울철새 3종 여름철새 6종 등이 서식하고 있다. 보호가 요구되는 법적 보호종은 천연기념물 제323호인 황조롱이와 맹금류인 말똥가리가 가끔 관찰된다. 양서류 파충류로는 도룡뇽 청개구리 북방산개구리 3종이 발견되며 곤충류로는 주로 나비목 및 파리목의 곤충이 관찰된다.,"산책로, 자연학습장, 놀이터 ",-,-,-,http://parks.seoul.go.kr/file/info/view.do?fIdx=1735,서울특별시 은평구 신사동 산80-4,02-351-8004,126.9102948,37.5920771,
120,광평근린공원,서울시 유형문화재 제48호인 광평대군 묘역을 중심으로 지정된 공원으로 대모산 동북쪽에 위치하고 있으며 광평대군 묘역은 광평대군 묘소를 비롯한 태조의 아들 무안 대군 방 번의 묘소 등 그 종문의 700 여기의 묘소가 있으며 전주이씨 광평대군파종회에서 관리하고 있다. ,-,-,"사당, 재실, 종회당 ",-,http://parks.seoul.go.kr/file/info/view.do?fIdx=1946,서울특별시 강남구 수서동 산10-1,02-3423-6243,127.092184,37.4880445,
121,청담근린공원,청담공원은 고층 아파트와 단독주택지 상가가 밀집된 청담동에 위치한 산지형 공원으로 도심의 중요한 자연공간이다. 공원에 들어서면 마치 숲 속에 들어온 듯한 착각을 일으킬 정도로 실개천의 물소리와 산새들의 새소리가 들리며 산을 올라가면 다양한 운동을 할 수 있는 운동공간과 시를 읽으며 산책할 수 있는 시비 광장이 조성되어 있다. 또한 공원 내 위치한 청소년회관은 청소년과 공원 이용객들에게 수준 높은 문화 프로그램을 제공한다. ,"실개천, 운동광장 ","배드민턴장, 농구장 ","청소년회관, 시비광장, 약수터 ",-,http://parks.seoul.go.kr/file/info/view.do?fIdx=1948,서울특별시 강남구 청담동 66,02-3423-6244,127.052453,37.5213259,
122,허브천문공원,"일자산근린공원에 포함되어 있는 공원으로, 길동생태공원 맞은편에 허브천문공원이 위치한다. 이곳은 안정적인 수돗물 공급을 위한 배수지가 있는 곳으로 웰빙시대를 맞이하여 주민들에게 쾌적한 공간을 제공하고자 상수도사업본부와 강동구가 협력하여 하늘과 땅을 잇는 천문과 햇빛이 풍부하고 바람이 잘 통하는 곳에서 잘 자라는 허브를 테마로 배수지 상단부에 조성한 공원이다. 허브원, 작은천문대 등으로 구성된 허브천문공원은 한민족 고유의 전통사상인 삼재(天地人) 사상에서 공간개념을 도출하여 우주공간(자미원, 태미원, 천시원, 별자리, 은하수 등)을 공원에 투영하고 음양 오행 사상에 기초하여 시설물 및 수목 등을 배치한 것이 그 특징이다. ","전망데크, 휴게데크, 그늘막 ",-,"유리온실, 관천대, 별자리조명 ",-,http://parks.seoul.go.kr/file/info/view.do?fIdx=1917,서울특별시 강동구 둔촌동 산94,02-3425-6447,127.1533951,37.5372715,
123,GTX연신849광장(구 물빛공원),"GTX-A 개통에 맞춰 노후된 물빛공원을 확장?리모델링하여 조성된 연신내역의 새로운 랜드마크 광장. 야외무대와 미디어월, 계절 정원을 갖춘 복합 문화 공원으로서 주민들에게 탁 트인 휴식처를 제공한다. 사계절 축제와 공연이 활발히 열리는 은평구의 핵심 소통 거점이자 지역 상권을 잇는 활력의 중심지로 자리 잡고 있다.",-,-,"야외무대, 미디어월, 음수대 ",-,,서울특별시 은평구 통일로 849,02-351-8014,126.9207354,37.619052,
124,숭인근린공원,서울특별시 종로구 숭인동 동망산(東望山)에 있는 공원이다. 동망산공원이라고도 한다. 면적 45615㎡로서 주민들이 휴식과 산책 가벼운 운동을 할 수 있는 자연친화적 공간이다. 공원 안에는 정자와 체력단련시설 관리사무소 화장실 등이 있다. 공원이 있는 동망산의 봉우리를 동망봉이라 부르는데 단종이 영월로 귀양을 가자 단종비 송씨(정순왕후)가 초가암자 정업원(淨業院)을 짓고 동쪽 영월을 바라보며 단종을 그리워한 곳이라 하여 붙여진 이름이다. 2008년 4월 이 공원에서 정순왕후를 기리는 추모제가 열렸다.,-,-,-,-,http://parks.seoul.go.kr/file/info/view.do?fIdx=1740,서울특별시 종로구 숭인동 58,02-2148-2843,127.0178267,37.5764419,
125,서일대뒷산공원,망우동과 면목동 경기도 구리시에 걸쳐있는 망우산은 해발 281.7m이며 망우산 일대에는 묘지가 있다. 1933년 5월 27일 경기도의 임야 일부를 경성부에서 양도받아 묘지로 사용하게 되면서부터 묘지가 들어서게 되었다. 현재 서울시 안에 있는 유일한 공동묘지로 총면적 190884평에 약 15532기의 분묘가 있으며 1973년 3월 25일 봉분이 가득 차서 매장을 금지하고 있다. 우리나라 어린이운동의 효시인 방정환 독립운동가이며 민족대표 33인의 한분인 오세창 한용운 우두보급의 선구자로 의학자이며 국어학자인 지석영 임시정부 내무부서기를 역임한 독립운동가 문명훤 동일일보 주필과 한국민주당 창당을 주도했던 장덕수 제헌국회의원이며 진보당 당수였던 조봉암 등의 묘소가 있다. 망우동 산 57-1번지일대 망우리 공원 내의 5.2㎞의‘사색의 길’이라는 산책로가 있어 많은 시민들이 찾고 있다.,-,-,순국선열 추념탑 ,-,http://parks.seoul.go.kr/file/info/view.do?fIdx=1741,서울특별시 중랑구 면목동 산19,02-2094-2363,127.0987817,37.5877155,
126,용마도시자연공원(사가정공원),2005년 4월 13일 개장한 사가정공원은 면목동 산 50번지 일대의 면목약수터지구 입구에 약 3만3천2백여면 규모로 조성되었다. 공원의 명칭은 용마산 부근에서 거주했던 조선 전기의 문인인 서거정 선생의 정취를 느낄 수 있도록 그의 호를 따서 지어졌다. 또한 그의 대표적인 시 4편을 골라 시비를 만들어 설치함으로써 공원이용객들이 산책과 함께 명시를 감상할 수 있는 기회를 제공하고 있다. 이곳에서 피크닉장 어린이놀이터 체력단련시설 자연형계류 사가정(전통정자) 다목적광장 냇가휴게소 등 다양한 휴게 시설과 운동시설 조경시설이 갖춰져 있어 주민들의 수준 높고 쾌적한 휴식공간이자 중랑구의 명소로 자리잡고 있다. 한편 사가정공원 오른편에는 수영장과 체력단련장 대체육관 등을 갖춘 지하2층 지상3층 연면적 6109㎡(1848평)규모의‘중랑문화체육관’이 2006년 9월25일 개관하였다. ,놀이터 ,"체력단련장, 체육관 ",피크닉장 ,-,http://parks.seoul.go.kr/file/info/view.do?fIdx=1947,서울특별시 중랑구 면목7동 산50 ,02-2094-2993,127.095997,37.5797622,
127,문화비축기지,매봉산자락에 위치한 문화비축기지는 폐산업시설인 '마포석유비축기지'를 재생하여 역사적 의미를 보존하며 지속가능한 생태 문화적시민 활동을 위한 문화공원입니다. 2013년 시민의 참여를 통해석유비축탱크 활용 아이디어를 공모하고 2014년국제현상설계공모 당선작 '땅으로부터 읽어낸 시간' 을바탕으로 산업유산 재생과 석유비축탱크의 공간적 특성을 살려 친환경 복합 문화공간으로 조성되었습니다.  기존의 5개의탱크는 공연장 전시장 다목적파빌리온으로재생하고 새롭게 신축하는 1개의탱크는 커뮤니티센터 임시주차장이었던 넓은 야외공간은 문화마당으로 재탄생하여 시민들의 휴식과 다양한 커뮤니티 활동이 가능한 공간으로 조성되었습니다. ,"문화마당, 녹지 ",-,6개의탱크 ,-,http://parks.seoul.go.kr/file/info/view.do?fIdx=1945,서울특별시 마포구 증산로 87,02-376-8410,126.8932455,37.57171848,http://parks.seoul.go.kr/template/sub/culturetank.do
128,경춘선숲길,일제 강점기때 우리 민족의 자본으로 만든 최초의 철도시설로 1939년 7월 25일 개통 2010년 12월 20일을 끝으로 71년간의 마지막 열차운행을 마치고 폐선이 되었습니다.  버려졌던 폐철길을 2013년부터 단계적으로 공원으로 조성하여 경춘선의 추억을 되살리고 다시금 생명이 깃든 길을 만들어 천천히 쉬어가며 자연과 나란히 걸을 수 있게 재탄생 시켜 나가고 있습니다.  ,"텃밭, 잔디광장, 철길, 산책로 ",-,무궁화호 객차(방문자센터) ,경춘철교 ,http://parks.seoul.go.kr/file/info/view.do?fIdx=1906,노원구 공릉2동 산 82-2,02-3783-5977,127.076482,37.627077,
129,율현공원,"율현공원은 세곡2지구의 동남쪽 영역에 있으며 아파트와 인접해 있는 북쪽 구간은 너른 잔디광장과 랜드마크 역할을 하는 공원 관리동, 그리고 책쉼터가 있어 시민들이 여유롭게 쉴 수 있으며, 남쪽 구간은 탄천과 돌산근린공원의 빗물이 모이는 저류지와 장미원, 놀이터, 다목적 운동시설 등이 있습니다.","잔디광장, 조형쉼터, 조형파고라, 수경시설, 어린이놀이터 ","게이트볼장, 다목적구장, 체력단련시설 ","정자, 화장실, 음수대, 근로자대기실 ",-,http://parks.seoul.go.kr/file/info/view.do?fIdx=1738,서울특별시 강남구 밤고개로24길 91(율현동 56),02-459-9451~2,127.115594,37.472332,
130,서울로7017,서울로7017은 70년대 준공된 서울역 고가가 안전에 문제점이 도출되면서 철거가 될 상황에 놓여지게 되었는데 이를 상징적으로는 서울의 관문이자 지역재생의 촉매제 역할을 담당하는 17개의 사람길로 재탄생된 곳입니다. 공중보행로의 기능과 녹지가 결합되어 살아있는 식물도감이 되며 1km의 도심전망대 역할까지 수행하고 있습니다.,-,-,-,-,http://parks.seoul.go.kr/file/info/view.do?fIdx=1477,서울로7017,02-313-7017,,,https://parks.seoul.go.kr/template/sub/seoullo7017.do
131,서울식물원,"서울식물원은 식물원과 도시공원의 성격이 결합된 서울시 최초의 도시형 식물원으로서 서울의 마지막 미개발지 마곡지구에 조성되어 식물원과 공원이 유기적으로 결합된 공원 속 식물원으로 지속가능한 녹색도시 서울의 미래상을 제시하고 있습니다. 서울식물원은 크게 4개(열린숲, 호수원, 습지원, 주제원)의 구역으로 나누어져 있으며 각각의 구역마다 고유의 특성을 갖춰 식물원 속에서도 4가지의 색깔을 느낄 수 있습니다. 특히 주제원 내에 위치한 전시온실은 세계 유일의 오목한 접시 모양의 온실로 열대와 지중해에 위치한 12개 도시 자생식물이 전시되어 각 기후대의 특색 있는 식물, 식물문화를 경험할 수 있습니다. 한국의 식물과 식물문화를 보여주는 8개 정원으로 구성된 주제정원은 계절별 다양한 식물 전시로 시민들에게 가장 많은 사랑을 받고 있으며, 식물 관련 복합 문화공간인 식물문화센터 내에는 식물종의 기원과 역사를 알 수 있는 상설전시관, 서울식물원의 이미지를 담은 기념품과 식물원에서 재배하는 식물 및 가정에서 기르기 쉬운 식물들을 판매하는 기프트숍, 토종?야생 씨앗 등이 전시되어 있는 씨앗도서관, 다채로운 전시가 이루어지는 프로젝트홀, 식물 관련 전문 서적을 열람할 수 있는 식물도서관, 식물에 대한 다양한 궁금증을 해소할 수 있는 정원상담실, 종자배양 및 각종 식물 연구가 이루어지는 식물연구소가 있어 시민들에게 생활 속 식물문화를 향유할 수 있는 기회를 제공하고 있습니다.","진입광장, 둘레숲, 잔디마당, 햇살정원, 목본류전시장",-,"숲문화학교, LG아트센터, 방문자센터",-,https://botanicpark.seoul.go.kr/front/main.do,서울특별시 강서구 마곡동로 161 서울식물원,02-2104-9716,126.83483,37.569781,https://botanicpark.seoul.go.kr/front/main.do
132,서소문역사공원,"원래는 서소문 밖 네거리 처형지로, 1801년 신유박해부터 1866년 병인박해부터 천주교인, 동학농민운동 지도자, 군인 등 사회개혁 세력들뿐만 아니라 1801년 신유박해부터 1866년 병인박해까지 많은 천주교인이 이곳에서 처형되었다. 처형된 천주교인 중 44명이 성인이 되어 국내 최대의 천주교 성지로도 자리 잡았다. 서소문은 아현과 남대문 밖의 칠패 시장으로 통하던 문으로 일찍부터 사람들이 붐비던 곳으로 현재는 전시기념관과 추모공간, 공원으로 조성하여 일반시민들에게 개방하고 있다.",-,-,-,-,,서울특별시 중구 의주로2가 16-2,02-3396-5854,126.969742,37.560868,https://parks.seoul.go.kr/parks/detailView.do?pIdx=1386
133,순화문화공원,"서울역과 서울시청 사이에 위치한 공원으로 2023년 재조성 공사를 하여 운동?놀이?휴게시설 등 노후시설을 교체하여 기존의 어두운 분위기를 탈피하였고, 다양한 수목?초화류를 식재하여 계절감을 느낄 수 있다.",-,-,-,-,https://parks.seoul.go.kr/parks/detailView.do?pIdx=1385,서울특별시 중구 순화동 216-2,02-3396-5852,126.971584,37.560215,https://parks.seoul.go.kr/parks/detailView.do?pIdx=1385
